

Microchip MPLAB XC8 Assembler V2.41 build 20230208172133 
                                                                                               Sat Aug 30 21:31:26 2025

Microchip MPLAB XC8 C Compiler v2.41 (Free license) build 20230208172133 Og1 
     1                           	processor	18F25Q10
     2                           	fnconf	rparam,??,?,0
     3                           	pagewidth 120
     4                           	opt	flic
     5                           	psect	idataCOMRAM,global,class=CODE,delta=1,noexec
     6                           	psect	cinit,global,reloc=2,class=CODE,delta=1
     7                           	psect	bssCOMRAM,global,class=COMRAM,space=1,delta=1,lowdata,noexec
     8                           	psect	dataCOMRAM,global,class=COMRAM,space=1,delta=1,lowdata,noexec
     9                           	psect	bssBANK0,global,class=BANK0,space=1,delta=1,lowdata,noexec
    10                           	psect	cstackBANK0,global,class=BANK0,space=1,delta=1,lowdata,noexec
    11                           	psect	cstackCOMRAM,global,class=COMRAM,space=1,delta=1,lowdata,noexec
    12                           	psect	text0,global,reloc=2,class=CODE,delta=1
    13                           	psect	text1,global,reloc=2,class=CODE,delta=1
    14                           	psect	text2,global,reloc=2,class=CODE,delta=1
    15                           	psect	text3,global,reloc=2,class=CODE,delta=1
    16                           	psect	text4,global,reloc=2,class=CODE,delta=1
    17                           	psect	text5,global,reloc=2,class=CODE,delta=1
    18                           	psect	text6,global,reloc=2,class=CODE,delta=1,group=1
    19                           	psect	text7,global,reloc=2,class=CODE,delta=1
    20                           	psect	text8,global,reloc=2,class=CODE,delta=1,group=1
    21                           	psect	text9,global,reloc=2,class=CODE,delta=1,group=1
    22                           	psect	text10,global,reloc=2,class=CODE,delta=1,group=1
    23                           	psect	text11,global,reloc=2,class=CODE,delta=1
    24                           	psect	text12,global,reloc=2,class=CODE,delta=1
    25                           	psect	text13,global,reloc=2,class=CODE,delta=1
    26                           	psect	text14,global,reloc=2,class=CODE,delta=1
    27                           	psect	intcode,global,reloc=2,class=CODE,delta=1
    28                           	psect	text16,global,reloc=2,class=CODE,delta=1
    29                           	psect	text17,global,reloc=2,class=CODE,delta=1
    30                           	psect	text18,global,reloc=2,class=CODE,delta=1
    31                           	psect	text19,global,reloc=2,class=CODE,delta=1
    32                           	psect	text20,global,reloc=2,class=CODE,delta=1
    33                           	psect	text21,global,reloc=2,class=CODE,delta=1
    34                           	psect	text22,global,reloc=2,class=CODE,delta=1
    35                           	psect	text23,global,reloc=2,class=CODE,delta=1
    36                           	psect	text24,global,reloc=2,class=CODE,delta=1
    37                           	psect	text25,global,reloc=2,class=CODE,delta=1
    38                           	psect	text26,global,reloc=2,class=CODE,delta=1
    39                           	psect	intsave_regs,global,class=BIGRAM,space=1,delta=1,noexec
    40                           	psect	rparam,global,class=COMRAM,space=1,delta=1,noexec
    41                           	psect	temp,global,ovrld,common,class=COMRAM,space=1,delta=1
    42                           	psect	idloc,global,abs,ovrld,class=IDLOC,space=5,delta=1,noexec
    43                           	psect	config,global,abs,ovrld,class=CONFIG,space=4,delta=1,noexec
    44  0000                     
    45                           ; Version 2.40
    46                           ; Generated 08/12/2021 GMT
    47                           ; 
    48                           ; Copyright © 2021, Microchip Technology Inc. and its subsidiaries ("Microchip")
    49                           ; All rights reserved.
    50                           ; 
    51                           ; This software is developed by Microchip Technology Inc. and its subsidiaries ("Microch
      +                          ip").
    52                           ; 
    53                           ; Redistribution and use in source and binary forms, with or without modification, are
    54                           ; permitted provided that the following conditions are met:
    55                           ; 
    56                           ;     1. Redistributions of source code must retain the above copyright notice, this lis
      +                          t of
    57                           ;        conditions and the following disclaimer.
    58                           ; 
    59                           ;     2. Redistributions in binary form must reproduce the above copyright notice, this 
      +                          list
    60                           ;        of conditions and the following disclaimer in the documentation and/or other
    61                           ;        materials provided with the distribution. Publication is not required when
    62                           ;        this file is used in an embedded application.
    63                           ; 
    64                           ;     3. Microchip's name may not be used to endorse or promote products derived from th
      +                          is
    65                           ;        software without specific prior written permission.
    66                           ; 
    67                           ; THIS SOFTWARE IS PROVIDED BY MICROCHIP "AS IS" AND ANY EXPRESS OR IMPLIED WARRANTIES,
    68                           ; INCLUDING, BUT NOT LIMITED TO, THE IMPLIED WARRANTIES OF MERCHANTABILITY AND FITNESS F
      +                          OR
    69                           ; PURPOSE ARE DISCLAIMED.  IN NO EVENT SHALL MICROCHIP BE LIABLE FOR ANY DIRECT, INDIREC
      +                          T,
    70                           ; INCIDENTAL, SPECIAL, EXEMPLARY, OR CONSEQUENTIAL DAMAGES (INCLUDING BUT NOT LIMITED TO
    71                           ; PROCUREMENT OF SUBSTITUTE GOODS OR SERVICES; LOSS OF USE, DATA OR PROFITS; OR BUSINESS
    72                           ; INTERRUPTION) HOWSOEVER CAUSED AND ON ANY THEORY OF LIABILITY, WHETHER IN CONTRACT, ST
      +                          RICT
    73                           ; LIABILITY, OR TORT (INCLUDING NEGLIGENCE OR OTHERWISE) ARISING IN ANY WAY OUT OF THE U
      +                          SE OF
    74                           ; THIS SOFTWARE, EVEN IF ADVISED OF THE POSSIBILITY OF SUCH DAMAGE.
    75                           ; 
    76                           ; 
    77                           ; Code-generator required, PIC18F25Q10 Definitions
    78                           ; 
    79                           ; SFR Addresses
    80  0000                     
    81                           	psect	idataCOMRAM
    82  0000'                    __pidataCOMRAM:
    83                           	callstack 0
    84                           
    85                           ;initializer for _F2
    86  0000' 0BB8               	dw	3000
    87                           
    88                           ;initializer for _F1
    89  0002' 0BB8               	dw	3000
    90                           
    91                           ;initializer for _D2
    92  0004' 32                 	db	50
    93                           
    94                           ;initializer for _D1
    95  0005' 32                 	db	50
    96                           
    97                           ;initializer for _m2_time_out
    98  0006' 19                 	db	25
    99                           
   100                           ;initializer for _m2_outDate
   101  0007' 01                 	db	1
   102                           
   103                           ;initializer for _m1_time_out
   104  0008' 19                 	db	25
   105                           
   106                           ;initializer for _i_send
   107  0009' 03                 	db	3
   108                           
   109                           ;initializer for _i_receved
   110  000A' 03                 	db	3
   111  0000                     _SSP1MSK	set	3987
   112  0000                     _PIE4bits	set	3777
   113  0000                     _PIR4bits	set	3785
   114  0000                     _TMR4IE	set	30219
   115  0000                     _TMR4IF	set	30283
   116  0000                     _SSP1STATbits	set	3988
   117  0000                     _SSP1CON1bits	set	3989
   118  0000                     _IPEN	set	32661
   119  0000                     _GIE	set	32663
   120  0000                     _T1GPPS	set	3745
   121  0000                     _SSP1CLKPPS	set	3762
   122  0000                     _SSP1DATPPS	set	3763
   123  0000                     _PIE0bits	set	3773
   124  0000                     _PIR0bits	set	3781
   125  0000                     _ANSELA	set	3852
   126  0000                     _ANSELB	set	3860
   127  0000                     _ANSELC	set	3868
   128  0000                     _LATBbits	set	3971
   129  0000                     _PEIE	set	32662
   130  0000                     _PIR3bits	set	3784
   131  0000                     _OSCCON1	set	3795
   132  0000                     _TRISBbits	set	3976
   133  0000                     _TRISCbits	set	3977
   134  0000                     _SSP1ADD	set	3986
   135  0000                     _SSP1STAT	set	3988
   136  0000                     _SSP1CON1	set	3989
   137  0000                     _TMR0H	set	4051
   138  0000                     _T0CON0	set	4052
   139  0000                     _T0CON1	set	4053
   140  0000                     _PIE3bits	set	3776
   141  0000                     _OSCEN	set	3799
   142  0000                     _OSCFRQbits	set	3801
   143  0000                     _RC3PPS	set	3829
   144  0000                     _PWM4DCL	set	3999
   145  0000                     _PWM4DCH	set	4000
   146  0000                     _PWM4CON	set	4001
   147  0000                     _PWM3DCL	set	4002
   148  0000                     _PWM3DCH	set	4003
   149  0000                     _PWM3CON	set	4004
   150  0000                     _SSP1CON3	set	3991
   151  0000                     _SSP1CON2	set	3990
   152  0000                     _RC7PPS	set	3833
   153  0000                     _RC4PPS	set	3830
   154  0000                     _SSP1BUF	set	3985
   155  0000                     _PIR5bits	set	3786
   156  0000                     _TMR2IF	set	30281
   157  0000                     _TMR2IE	set	30217
   158  0000                     _CCPTMRSbits	set	4013
   159  0000                     _TMR2	set	4026
   160  0000                     _T2PR	set	4027
   161  0000                     _T2CONbits	set	4028
   162  0000                     _T2CLKCON	set	4030
   163  0000                     _TMR3	set	4038
   164  0000                     _TMR1	set	4044
   165  0000                     _T3CONbits	set	4040
   166  0000                     _T3CLKbits	set	4043
   167  0000                     _T1CONbits	set	4046
   168  0000                     _T1CLKbits	set	4049
   169  0000                     _TMR4	set	4020
   170  0000                     _T4PR	set	4021
   171  0000                     _T3GPPS	set	3747
   172  0000                     _T1GCONbits	set	4047
   173  0000                     _T4CONbits	set	4022
   174  0000                     _T4CLKCON	set	4024
   175  0000                     _T3GCONbits	set	4041
   176                           
   177                           ; #config settings
   178                           
   179                           	psect	cinit
   180  0000'                    __pcinit:
   181                           	callstack 0
   182  0000'                    start_initialization:
   183                           	callstack 0
   184  0000'                    __initialization:
   185                           	callstack 0
   186                           
   187                           ; Initialize objects allocated to COMRAM (11 bytes)
   188                           ; load TBLPTR registers with __pidataCOMRAM
   189  0000' 0E00'              	movlw	low __pidataCOMRAM
   190  0002' 6EF6               	movwf	tblptrl,c
   191  0004' 0E00'              	movlw	high __pidataCOMRAM
   192  0006' 6EF7               	movwf	tblptrh,c
   193  0008' 0E00'              	movlw	low (__pidataCOMRAM shr (0+16))
   194  000A' 6EF8               	movwf	tblptru,c
   195  000C' EE00' F000'        	lfsr	0,__pdataCOMRAM
   196  0010' EE10 F00B          	lfsr	1,11
   197  0014'                    copy_data0:
   198  0014' 0009               	tblrd		*+
   199  0016' CFF5 FFEE          	movff	tablat,postinc0
   200  001A' 50E5               	movf	postdec1,w,c
   201  001C' 50E1               	movf	fsr1l,w,c
   202  001E' E1FA               	bnz	copy_data0
   203                           
   204                           ; Clear objects allocated to BANK0 (11 bytes)
   205  0020' EE00' F000'        	lfsr	0,__pbssBANK0
   206  0024' 0E0B               	movlw	11
   207  0026'                    clear_0:
   208  0026' 6AEE               	clrf	postinc0,c
   209  0028' 06E8               	decf	wreg,f,c
   210  002A' E1FD               	bnz	clear_0
   211                           
   212                           ; Clear objects allocated to COMRAM (27 bytes)
   213  002C' EE00' F000'        	lfsr	0,__pbssCOMRAM
   214  0030' 0E1B               	movlw	27
   215  0032'                    clear_1:
   216  0032' 6AEE               	clrf	postinc0,c
   217  0034' 06E8               	decf	wreg,f,c
   218  0036' E1FD               	bnz	clear_1
   219  0038'                    end_of_initialization:
   220                           	callstack 0
   221  0038'                    __end_of__initialization:
   222                           	callstack 0
   223  0038' 9000'              	bcf	int$flags,0,c	;clear compiler interrupt flag (level 1)
   224  003A' 9200'              	bcf	int$flags,1,c	;clear compiler interrupt flag (level 2)
   225  003C' 0100               	movlb	0
   226  003E' EF00' F000'        	goto	_main	;jump to C main() function
   227                           
   228                           	psect	bssCOMRAM
   229  0000'                    __pbssCOMRAM:
   230                           	callstack 0
   231  0000'                    _m2_rpm:
   232                           	callstack 0
   233  0000'                    	ds	5
   234  0005'                    _m1_rpm:
   235                           	callstack 0
   236  0005'                    	ds	5
   237  000A'                    _send_esp32:
   238                           	callstack 0
   239  000A'                    	ds	3
   240  000D'                    _m2_i:
   241                           	callstack 0
   242  000D'                    	ds	1
   243  000E'                    _m1_outDate3:
   244                           	callstack 0
   245  000E'                    	ds	1
   246  000F'                    _m1_outDate:
   247                           	callstack 0
   248  000F'                    	ds	1
   249  0010'                    _m1_i:
   250                           	callstack 0
   251  0010'                    	ds	1
   252  0011'                    _m2_speed:
   253                           	callstack 0
   254  0011'                    	ds	4
   255  0015'                    _m1_speed:
   256                           	callstack 0
   257  0015'                    	ds	4
   258  0019'                    _m2_T_OF:
   259                           	callstack 0
   260  0019'                    	ds	1
   261  001A'                    _m1_T_OF:
   262                           	callstack 0
   263  001A'                    	ds	1
   264                           
   265                           	psect	dataCOMRAM
   266  0000'                    __pdataCOMRAM:
   267                           	callstack 0
   268  0000'                    _F2:
   269                           	callstack 0
   270  0000'                    	ds	2
   271  0002'                    _F1:
   272                           	callstack 0
   273  0002'                    	ds	2
   274  0004'                    _D2:
   275                           	callstack 0
   276  0004'                    	ds	1
   277  0005'                    _D1:
   278                           	callstack 0
   279  0005'                    	ds	1
   280  0006'                    _m2_time_out:
   281                           	callstack 0
   282  0006'                    	ds	1
   283  0007'                    _m2_outDate:
   284                           	callstack 0
   285  0007'                    	ds	1
   286  0008'                    _m1_time_out:
   287                           	callstack 0
   288  0008'                    	ds	1
   289  0009'                    _i_send:
   290                           	callstack 0
   291  0009'                    	ds	1
   292  000A'                    _i_receved:
   293                           	callstack 0
   294  000A'                    	ds	1
   295                           
   296                           	psect	bssBANK0
   297  0000'                    __pbssBANK0:
   298                           	callstack 0
   299  0000'                    _receved_esp32:
   300                           	callstack 0
   301  0000'                    	ds	4
   302  0004'                    _m2_avg_rpm:
   303                           	callstack 0
   304  0004'                    	ds	2
   305  0006'                    _m1_avg_rpm:
   306                           	callstack 0
   307  0006'                    	ds	2
   308  0008'                    _m2_outDate3:
   309                           	callstack 0
   310  0008'                    	ds	1
   311  0009'                    _m2_duty:
   312                           	callstack 0
   313  0009'                    	ds	1
   314  000A'                    _m1_duty:
   315                           	callstack 0
   316  000A'                    	ds	1
   317                           
   318                           	psect	cstackBANK0
   319  0000'                    __pcstackBANK0:
   320                           	callstack 0
   321  0000'                    ?_pwm_int:
   322                           	callstack 0
   323  0000'                    ?___awdiv:
   324                           	callstack 0
   325  0000'                    ?___lwdiv:
   326                           	callstack 0
   327  0000'                    ?___lmul:
   328                           	callstack 0
   329  0000'                    ___awdiv@dividend:
   330                           	callstack 0
   331  0000'                    ___lwdiv@dividend:
   332                           	callstack 0
   333  0000'                    ___lmul@multiplier:
   334                           	callstack 0
   335                           
   336                           ; 4 bytes @ 0x0
   337  0000'                    	ds	2
   338  0002'                    ___awdiv@divisor:
   339                           	callstack 0
   340  0002'                    ___lwdiv@divisor:
   341                           	callstack 0
   342                           
   343                           ; 2 bytes @ 0x2
   344  0002'                    	ds	2
   345  0004'                    ___awdiv@counter:
   346                           	callstack 0
   347  0004'                    ___lwdiv@counter:
   348                           	callstack 0
   349  0004'                    ___lmul@multiplicand:
   350                           	callstack 0
   351                           
   352                           ; 4 bytes @ 0x4
   353  0004'                    	ds	1
   354  0005'                    ___awdiv@sign:
   355                           	callstack 0
   356  0005'                    ___lwdiv@quotient:
   357                           	callstack 0
   358                           
   359                           ; 2 bytes @ 0x5
   360  0005'                    	ds	1
   361  0006'                    ___awdiv@quotient:
   362                           	callstack 0
   363                           
   364                           ; 2 bytes @ 0x6
   365  0006'                    	ds	1
   366  0007'                    ??_m1_update_rpm:
   367  0007'                    ??_m2_update_rpm:
   368                           
   369                           ; 1 bytes @ 0x7
   370  0007'                    	ds	1
   371  0008'                    m1_update_rpm@sum:
   372                           	callstack 0
   373  0008'                    m2_update_rpm@sum:
   374                           	callstack 0
   375  0008'                    ___lmul@product:
   376                           	callstack 0
   377                           
   378                           ; 4 bytes @ 0x8
   379  0008'                    	ds	2
   380  000A'                    m1_update_rpm@j:
   381                           	callstack 0
   382  000A'                    m2_update_rpm@j:
   383                           	callstack 0
   384                           
   385                           ; 1 bytes @ 0xA
   386  000A'                    	ds	1
   387  000B'                    m1_update_rpm@j_1351:
   388                           	callstack 0
   389  000B'                    m2_update_rpm@j_1384:
   390                           	callstack 0
   391                           
   392                           ; 1 bytes @ 0xB
   393  000B'                    	ds	1
   394  000C'                    ?___lldiv:
   395                           	callstack 0
   396  000C'                    ___lldiv@dividend:
   397                           	callstack 0
   398                           
   399                           ; 4 bytes @ 0xC
   400  000C'                    	ds	4
   401  0010'                    ___lldiv@divisor:
   402                           	callstack 0
   403                           
   404                           ; 4 bytes @ 0x10
   405  0010'                    	ds	4
   406  0014'                    ___lldiv@quotient:
   407                           	callstack 0
   408                           
   409                           ; 4 bytes @ 0x14
   410  0014'                    	ds	4
   411  0018'                    ___lldiv@counter:
   412                           	callstack 0
   413                           
   414                           ; 1 bytes @ 0x18
   415  0018'                    	ds	1
   416  0019'                    m1_set_duty@duty_rw:
   417                           	callstack 0
   418  0019'                    m2_set_duty@duty_rw:
   419                           	callstack 0
   420                           
   421                           ; 2 bytes @ 0x19
   422  0019'                    	ds	2
   423  001B'                    ??_m1_set_duty:
   424  001B'                    ??_m2_set_duty:
   425                           
   426                           ; 1 bytes @ 0x1B
   427  001B'                    	ds	4
   428  001F'                    con_m1_RPM@rpm_er:
   429                           	callstack 0
   430  001F'                    con_m2_RPM@rpm_er:
   431                           	callstack 0
   432                           
   433                           ; 2 bytes @ 0x1F
   434  001F'                    	ds	2
   435  0021'                    con_m1_RPM@de_rpm:
   436                           	callstack 0
   437  0021'                    con_m2_RPM@de_rpm:
   438                           	callstack 0
   439                           
   440                           ; 1 bytes @ 0x21
   441  0021'                    	ds	1
   442  0022'                    con_m1_RPM@new_duty:
   443                           	callstack 0
   444  0022'                    con_m2_RPM@new_duty:
   445                           	callstack 0
   446                           
   447                           ; 2 bytes @ 0x22
   448  0022'                    	ds	2
   449  0024'                    
   450                           ; 1 bytes @ 0x24
   451                           
   452                           	psect	cstackCOMRAM
   453  0000'                    __pcstackCOMRAM:
   454                           	callstack 0
   455  0000'                    ?i2___awdiv:
   456                           	callstack 0
   457  0000'                    ?i2___lwdiv:
   458                           	callstack 0
   459  0000'                    ?i2___lmul:
   460                           	callstack 0
   461  0000'                    i2___awdiv@dividend:
   462                           	callstack 0
   463  0000'                    i2___lwdiv@dividend:
   464                           	callstack 0
   465  0000'                    i2___lmul@multiplier:
   466                           	callstack 0
   467                           
   468                           ; 4 bytes @ 0x0
   469  0000'                    	ds	2
   470  0002'                    i2___awdiv@divisor:
   471                           	callstack 0
   472  0002'                    i2___lwdiv@divisor:
   473                           	callstack 0
   474                           
   475                           ; 2 bytes @ 0x2
   476  0002'                    	ds	2
   477  0004'                    i2___awdiv@counter:
   478                           	callstack 0
   479  0004'                    i2___lwdiv@quotient:
   480                           	callstack 0
   481  0004'                    i2___lmul@multiplicand:
   482                           	callstack 0
   483                           
   484                           ; 4 bytes @ 0x4
   485  0004'                    	ds	1
   486  0005'                    i2___awdiv@sign:
   487                           	callstack 0
   488                           
   489                           ; 1 bytes @ 0x5
   490  0005'                    	ds	1
   491  0006'                    i2___lwdiv@counter:
   492                           	callstack 0
   493  0006'                    i2___awdiv@quotient:
   494                           	callstack 0
   495                           
   496                           ; 2 bytes @ 0x6
   497  0006'                    	ds	1
   498  0007'                    ??i2_m1_update_rpm:
   499                           
   500                           ; 1 bytes @ 0x7
   501  0007'                    	ds	1
   502  0008'                    i2m1_update_rpm@sum:
   503                           	callstack 0
   504  0008'                    i2___lmul@product:
   505                           	callstack 0
   506                           
   507                           ; 4 bytes @ 0x8
   508  0008'                    	ds	2
   509  000A'                    i2m1_update_rpm@j:
   510                           	callstack 0
   511                           
   512                           ; 1 bytes @ 0xA
   513  000A'                    	ds	1
   514  000B'                    i2m1_update_rpm@j_1351:
   515                           	callstack 0
   516                           
   517                           ; 1 bytes @ 0xB
   518  000B'                    	ds	1
   519  000C'                    ?i2___lldiv:
   520                           	callstack 0
   521  000C'                    i2___lldiv@dividend:
   522                           	callstack 0
   523                           
   524                           ; 4 bytes @ 0xC
   525  000C'                    	ds	4
   526  0010'                    i2___lldiv@divisor:
   527                           	callstack 0
   528                           
   529                           ; 4 bytes @ 0x10
   530  0010'                    	ds	4
   531  0014'                    i2___lldiv@quotient:
   532                           	callstack 0
   533                           
   534                           ; 4 bytes @ 0x14
   535  0014'                    	ds	4
   536  0018'                    i2___lldiv@counter:
   537                           	callstack 0
   538                           
   539                           ; 1 bytes @ 0x18
   540  0018'                    	ds	1
   541  0019'                    ??_m1_RPM_ISR:
   542  0019'                    ??_m2_RPM_ISR:
   543  0019'                    i2m1_set_duty@duty_rw:
   544                           	callstack 0
   545                           
   546                           ; 2 bytes @ 0x19
   547  0019'                    	ds	2
   548  001B'                    ??i2_m1_set_duty:
   549                           
   550                           ; 1 bytes @ 0x1B
   551  001B'                    	ds	4
   552  001F'                    i2con_m1_RPM@rpm_er:
   553                           	callstack 0
   554                           
   555                           ; 2 bytes @ 0x1F
   556  001F'                    	ds	2
   557  0021'                    i2con_m1_RPM@de_rpm:
   558                           	callstack 0
   559                           
   560                           ; 1 bytes @ 0x21
   561  0021'                    	ds	1
   562  0022'                    i2con_m1_RPM@new_duty:
   563                           	callstack 0
   564                           
   565                           ; 2 bytes @ 0x22
   566  0022'                    	ds	2
   567  0024'                    ??_ISR:
   568                           
   569                           ; 1 bytes @ 0x24
   570  0024'                    	ds	2
   571                           
   572 ;;
   573 ;;Main: autosize = 0, tempsize = 0, incstack = 0, save=0
   574 ;;
   575 ;; *************** function _main *****************
   576 ;; Defined at:
   577 ;;		line 90 in file "main.c"
   578 ;; Parameters:    Size  Location     Type
   579 ;;		None
   580 ;; Auto vars:     Size  Location     Type
   581 ;;		None
   582 ;; Return value:  Size  Location     Type
   583 ;;                  1    wreg      void 
   584 ;; Registers used:
   585 ;;		wreg, fsr0l, fsr0h, fsr1l, fsr1h, fsr1l, fsr1h, fsr2l, fsr2h, bsr, status,2, status,0, pcl, pclath, pclatu, btemp, b
      +temp+1, btemp+2, btemp+3, btemp+4, btemp+5, btemp+6, btemp+7, btemp+8, btemp+9, btemp+10, btemp+11, btemp+12, btemp+13, 
      +btemp+14, btemp+15, btemp+16, btemp+17, btemp+18, btemp+19, btemp+20, btemp+21, btemp+22, btemp+23, btemp+24, btemp+25, 
      +btemp+26, btemp+27, btemp+28, btemp+29, btemp+30, btemp+31, tosl, structret, tblptrl, tblptrh, tblptru, prodl, prodh, cs
      +tack
   586 ;; Tracked objects:
   587 ;;		On entry : 0/0
   588 ;;		On exit  : 0/0
   589 ;;		Unchanged: 0/0
   590 ;; Data sizes:     COMRAM   BANK0   BANK1   BANK2   BANK3   BANK4   BANK5   BANK6   BANK7
   591 ;;      Params:         0       0       0       0       0       0       0       0       0
   592 ;;      Locals:         0       0       0       0       0       0       0       0       0
   593 ;;      Temps:          0       0       0       0       0       0       0       0       0
   594 ;;      Totals:         0       0       0       0       0       0       0       0       0
   595 ;;Total ram usage:        0 bytes
   596 ;; Hardware stack levels required when called: 8
   597 ;; This function calls:
   598 ;;		_Initialize
   599 ;;		_con_m1_RPM
   600 ;;		_con_m2_RPM
   601 ;; This function is called by:
   602 ;;		Startup code after reset
   603 ;; This function uses a non-reentrant model
   604 ;;
   605                           
   606                           	psect	text0
   607  0000'                    __ptext0:
   608                           	callstack 0
   609  0000'                    _main:
   610                           	callstack 23
   611  0000'                    
   612                           ;main.c: 92:     Initialize();
   613  0000' EC00' F000'        	call	_Initialize	;wreg free
   614  0004'                    l2598:
   615                           
   616                           ;main.c: 94:     {;main.c: 96:         con_m1_RPM(receved_esp32[0]);
   617  0004' 0100               	movlb	0	; () banked
   618  0006' 5100'              	movf	_receved_esp32& (0+255),w,b
   619  0008' EC00' F000'        	call	_con_m1_RPM
   620  000C'                    
   621                           ;main.c: 97:         con_m2_RPM(receved_esp32[1]);
   622  000C' 0100               	movlb	0	; () banked
   623  000E' 5100'              	movf	(_receved_esp32+1)& (0+255),w,b
   624  0010' EC00' F000'        	call	_con_m2_RPM
   625  0014' EF00' F000'        	goto	l2598
   626  0018' EF00' F000'        	goto	start
   627  001C'                    __end_of_main:
   628                           	callstack 0
   629                           
   630 ;; *************** function _con_m2_RPM *****************
   631 ;; Defined at:
   632 ;;		line 517 in file "main.c"
   633 ;; Parameters:    Size  Location     Type
   634 ;;  de_rpm          1    wreg     unsigned char 
   635 ;; Auto vars:     Size  Location     Type
   636 ;;  de_rpm          1   33[BANK0 ] unsigned char 
   637 ;;  new_duty        2   34[BANK0 ] short 
   638 ;;  rpm_er          2   31[BANK0 ] short 
   639 ;; Return value:  Size  Location     Type
   640 ;;                  1    wreg      void 
   641 ;; Registers used:
   642 ;;		wreg, fsr2l, fsr2h, status,2, status,0, cstack
   643 ;; Tracked objects:
   644 ;;		On entry : 0/0
   645 ;;		On exit  : 0/0
   646 ;;		Unchanged: 0/0
   647 ;; Data sizes:     COMRAM   BANK0   BANK1   BANK2   BANK3   BANK4   BANK5   BANK6   BANK7
   648 ;;      Params:         0       0       0       0       0       0       0       0       0
   649 ;;      Locals:         0       5       0       0       0       0       0       0       0
   650 ;;      Temps:          0       0       0       0       0       0       0       0       0
   651 ;;      Totals:         0       5       0       0       0       0       0       0       0
   652 ;;Total ram usage:        5 bytes
   653 ;; Hardware stack levels used: 1
   654 ;; Hardware stack levels required when called: 7
   655 ;; This function calls:
   656 ;;		___awdiv
   657 ;;		_m2_set_duty
   658 ;;		_m2_update_rpm
   659 ;; This function is called by:
   660 ;;		_main
   661 ;; This function uses a non-reentrant model
   662 ;;
   663                           
   664                           	psect	text1
   665  0000'                    __ptext1:
   666                           	callstack 0
   667  0000'                    _con_m2_RPM:
   668                           	callstack 23
   669                           
   670                           ;incstack = 0
   671                           ;con_m2_RPM@de_rpm stored from wreg
   672  0000' 0100               	movlb	0	; () banked
   673  0002' 6F00'              	movwf	con_m2_RPM@de_rpm& (0+255),b
   674  0004'                    
   675                           ;main.c: 517: void con_m2_RPM(uint8_t de_rpm);main.c: 518: {;main.c: 519:     m2_update_
      +                          rpm();
   676  0004' EC00' F000'        	call	_m2_update_rpm	;wreg free
   677  0008'                    
   678                           ;main.c: 521:     if (de_rpm == 0) m2_set_duty(0);
   679  0008' 0100               	movlb	0	; () banked
   680  000A' 5100'              	movf	con_m2_RPM@de_rpm& (0+255),w,b
   681  000C' A4D8               	btfss	status,2,c
   682  000E' EF00' F000'        	goto	u1861
   683  0012' EF00' F000'        	goto	u1860
   684  0016'                    u1861:
   685  0016' EF00' F000'        	goto	l2580
   686  001A'                    u1860:
   687  001A'                    
   688                           ; BSR set to: 0
   689  001A' 0E00               	movlw	0
   690  001C' 6F00'              	movwf	(m2_set_duty@duty_rw+1)& (0+255),b
   691  001E' 0E00               	movlw	0
   692  0020' 6F00'              	movwf	m2_set_duty@duty_rw& (0+255),b
   693  0022' EC00' F000'        	call	_m2_set_duty	;wreg free
   694  0026' EF00' F000'        	goto	l340
   695  002A'                    l2580:
   696                           
   697                           ; BSR set to: 0
   698                           ;main.c: 523:     {;main.c: 524:         int16_t rpm_er = (int16_t)de_rpm - (int16_t)m2_
      +                          avg_rpm;
   699  002A' 5100'              	movf	_m2_avg_rpm& (0+255),w,b	;volatile
   700  002C' 5D00'              	subwf	con_m2_RPM@de_rpm& (0+255),w,b
   701  002E' 6F00'              	movwf	con_m2_RPM@rpm_er& (0+255),b
   702  0030' 5100'              	movf	(_m2_avg_rpm+1)& (0+255),w,b	;volatile
   703  0032' A0D8               	btfss	status,0,c
   704  0034' 2900'              	incf	(_m2_avg_rpm+1)& (0+255),w,b	;volatile
   705  0036' 6B00'              	clrf	(con_m2_RPM@rpm_er+1)& (0+255),b
   706  0038' 5F00'              	subwf	(con_m2_RPM@rpm_er+1)& (0+255),f,b
   707  003A'                    
   708                           ; BSR set to: 0
   709                           ;main.c: 525:         int16_t new_duty = (int16_t)m2_duty + (rpm_er/12);
   710  003A' C01F' F000'        	movff	con_m2_RPM@rpm_er,___awdiv@dividend
   711  003E' C020' F001'        	movff	con_m2_RPM@rpm_er+1,___awdiv@dividend+1
   712  0042' 0E00               	movlw	0
   713  0044' 6F00'              	movwf	(___awdiv@divisor+1)& (0+255),b
   714  0046' 0E0C               	movlw	12
   715  0048' 6F00'              	movwf	___awdiv@divisor& (0+255),b
   716  004A' EC00' F000'        	call	___awdiv	;wreg free
   717  004E' 0100               	movlb	0	; () banked
   718  0050' 5100'              	movf	_m2_duty& (0+255),w,b	;volatile
   719  0052' 2500'              	addwf	?___awdiv& (0+255),w,b
   720  0054' 6F00'              	movwf	con_m2_RPM@new_duty& (0+255),b
   721  0056' 0E00               	movlw	0
   722  0058' 2100'              	addwfc	(?___awdiv+1)& (0+255),w,b
   723  005A' 6F00'              	movwf	(con_m2_RPM@new_duty+1)& (0+255),b
   724  005C'                    
   725                           ; BSR set to: 0
   726                           ;main.c: 527:         if (new_duty < 0) m2_duty = 0;
   727  005C' BF00'              	btfsc	(con_m2_RPM@new_duty+1)& (0+255),7,b
   728  005E' EF00' F000'        	goto	u1870
   729  0062' EF00' F000'        	goto	u1871
   730  0066'                    u1871:
   731  0066' EF00' F000'        	goto	l2588
   732  006A'                    u1870:
   733  006A'                    
   734                           ; BSR set to: 0
   735  006A' 0E00               	movlw	0
   736  006C' 6F00'              	movwf	_m2_duty& (0+255),b	;volatile
   737  006E' EF00' F000'        	goto	l2592
   738  0072'                    l2588:
   739                           
   740                           ; BSR set to: 0
   741  0072' BF00'              	btfsc	(con_m2_RPM@new_duty+1)& (0+255),7,b
   742  0074' EF00' F000'        	goto	u1881
   743  0078' 5100'              	movf	(con_m2_RPM@new_duty+1)& (0+255),w,b
   744  007A' E109               	bnz	u1880
   745  007C' 0E64               	movlw	100
   746  007E' 5D00'              	subwf	con_m2_RPM@new_duty& (0+255),w,b
   747  0080' A0D8               	btfss	status,0,c
   748  0082' EF00' F000'        	goto	u1881
   749  0086' EF00' F000'        	goto	u1880
   750  008A'                    u1881:
   751  008A' EF00' F000'        	goto	l338
   752  008E'                    u1880:
   753  008E'                    
   754                           ; BSR set to: 0
   755  008E' 0E63               	movlw	99
   756  0090' 6F00'              	movwf	_m2_duty& (0+255),b	;volatile
   757  0092' EF00' F000'        	goto	l2592
   758  0096'                    l338:
   759                           
   760                           ; BSR set to: 0
   761  0096' C022' F009'        	movff	con_m2_RPM@new_duty,_m2_duty	;volatile
   762  009A'                    l2592:
   763                           
   764                           ; BSR set to: 0
   765                           ;main.c: 531:         m2_set_duty(m2_duty);
   766  009A' C009' F019'        	movff	_m2_duty,m2_set_duty@duty_rw	;volatile
   767  009E' 6B00'              	clrf	(m2_set_duty@duty_rw+1)& (0+255),b
   768  00A0' EC00' F000'        	call	_m2_set_duty	;wreg free
   769  00A4'                    
   770                           ;main.c: 532:         m2_outDate3=1;
   771  00A4' 0E01               	movlw	1
   772  00A6' 0100               	movlb	0	; () banked
   773  00A8' 6F00'              	movwf	_m2_outDate3& (0+255),b	;volatile
   774  00AA'                    l340:
   775  00AA' 0012               	return		;funcret
   776  00AC'                    __end_of_con_m2_RPM:
   777                           	callstack 0
   778                           
   779 ;; *************** function _m2_update_rpm *****************
   780 ;; Defined at:
   781 ;;		line 497 in file "main.c"
   782 ;; Parameters:    Size  Location     Type
   783 ;;		None
   784 ;; Auto vars:     Size  Location     Type
   785 ;;  j               1   11[BANK0 ] unsigned char 
   786 ;;  j               1   10[BANK0 ] unsigned char 
   787 ;;  sum             2    8[BANK0 ] unsigned short 
   788 ;; Return value:  Size  Location     Type
   789 ;;                  1    wreg      void 
   790 ;; Registers used:
   791 ;;		wreg, fsr2l, fsr2h, status,2, status,0, cstack
   792 ;; Tracked objects:
   793 ;;		On entry : 0/0
   794 ;;		On exit  : 0/0
   795 ;;		Unchanged: 0/0
   796 ;; Data sizes:     COMRAM   BANK0   BANK1   BANK2   BANK3   BANK4   BANK5   BANK6   BANK7
   797 ;;      Params:         0       0       0       0       0       0       0       0       0
   798 ;;      Locals:         0       4       0       0       0       0       0       0       0
   799 ;;      Temps:          0       1       0       0       0       0       0       0       0
   800 ;;      Totals:         0       5       0       0       0       0       0       0       0
   801 ;;Total ram usage:        5 bytes
   802 ;; Hardware stack levels used: 1
   803 ;; Hardware stack levels required when called: 6
   804 ;; This function calls:
   805 ;;		___lwdiv
   806 ;; This function is called by:
   807 ;;		_con_m2_RPM
   808 ;; This function uses a non-reentrant model
   809 ;;
   810                           
   811                           	psect	text2
   812  0000'                    __ptext2:
   813                           	callstack 0
   814  0000'                    _m2_update_rpm:
   815                           	callstack 23
   816  0000'                    
   817                           ;main.c: 499:     if(!m2_outDate)
   818  0000' 5000'              	movf	_m2_outDate^0,w,c	;volatile
   819  0002' A4D8               	btfss	status,2,c
   820  0004' EF00' F000'        	goto	u1731
   821  0008' EF00' F000'        	goto	u1730
   822  000C'                    u1731:
   823  000C' EF00' F000'        	goto	l2472
   824  0010'                    u1730:
   825  0010'                    
   826                           ;main.c: 500:     {;main.c: 501:         uint16_t sum = 0;
   827  0010' 0E00               	movlw	0
   828  0012' 0100               	movlb	0	; () banked
   829  0014' 6F00'              	movwf	(m2_update_rpm@sum+1)& (0+255),b
   830  0016' 0E00               	movlw	0
   831  0018' 6F00'              	movwf	m2_update_rpm@sum& (0+255),b
   832                           
   833                           ;main.c: 502:         for (uint8_t j = 0; j <= 4; j++) sum += m2_rpm[j];
   834  001A' 0E00               	movlw	0
   835  001C' 6F00'              	movwf	m2_update_rpm@j& (0+255),b
   836  001E'                    l2462:
   837                           
   838                           ; BSR set to: 0
   839  001E' 0E00'              	movlw	low _m2_rpm
   840  0020' 2500'              	addwf	m2_update_rpm@j& (0+255),w,b
   841  0022' 6ED9               	movwf	fsr2l,c
   842  0024' 6ADA               	clrf	fsr2h,c
   843  0026' 0E00'              	movlw	high _m2_rpm
   844  0028' 22DA               	addwfc	fsr2h,f,c
   845  002A' 50DF               	movf	indf2,w,c
   846  002C' 6F00'              	movwf	??_m2_update_rpm& (0+255),b
   847  002E' 5100'              	movf	??_m2_update_rpm& (0+255),w,b
   848  0030' 2700'              	addwf	m2_update_rpm@sum& (0+255),f,b
   849  0032' 0E00               	movlw	0
   850  0034' 2300'              	addwfc	(m2_update_rpm@sum+1)& (0+255),f,b
   851  0036'                    
   852                           ; BSR set to: 0
   853  0036' 2B00'              	incf	m2_update_rpm@j& (0+255),f,b
   854  0038'                    
   855                           ; BSR set to: 0
   856  0038' 0E04               	movlw	4
   857  003A' 6500'              	cpfsgt	m2_update_rpm@j& (0+255),b
   858  003C' EF00' F000'        	goto	u1741
   859  0040' EF00' F000'        	goto	u1740
   860  0044'                    u1741:
   861  0044' EF00' F000'        	goto	l2462
   862  0048'                    u1740:
   863  0048'                    
   864                           ; BSR set to: 0
   865                           ;main.c: 503:         m2_avg_rpm = sum / 5;
   866  0048' C008' F000'        	movff	m2_update_rpm@sum,___lwdiv@dividend
   867  004C' C009' F001'        	movff	m2_update_rpm@sum+1,___lwdiv@dividend+1
   868  0050' 0E00               	movlw	0
   869  0052' 6F00'              	movwf	(___lwdiv@divisor+1)& (0+255),b
   870  0054' 0E05               	movlw	5
   871  0056' 6F00'              	movwf	___lwdiv@divisor& (0+255),b
   872  0058' EC00' F000'        	call	___lwdiv	;wreg free
   873  005C' C000' F004'        	movff	?___lwdiv,_m2_avg_rpm	;volatile
   874  0060' C001' F005'        	movff	?___lwdiv+1,_m2_avg_rpm+1	;volatile
   875  0064'                    
   876                           ;main.c: 504:         m2_outDate=1;
   877  0064' 0E01               	movlw	1
   878  0066' 6E00'              	movwf	_m2_outDate^0,c	;volatile
   879                           
   880                           ;main.c: 505:     }
   881  0068' EF00' F000'        	goto	l331
   882  006C'                    l2472:
   883                           
   884                           ;main.c: 507:     {;main.c: 508:         if(m2_time_out==0)
   885  006C' 5000'              	movf	_m2_time_out^0,w,c	;volatile
   886  006E' A4D8               	btfss	status,2,c
   887  0070' EF00' F000'        	goto	u1751
   888  0074' EF00' F000'        	goto	u1750
   889  0078'                    u1751:
   890  0078' EF00' F000'        	goto	l2488
   891  007C'                    u1750:
   892  007C'                    
   893                           ;main.c: 509:         {;main.c: 510:             for (uint8_t j = 0; j <= 4; j++) m2_rpm
      +                          [j]=0;
   894  007C' 0E00               	movlw	0
   895  007E' 0100               	movlb	0	; () banked
   896  0080' 6F00'              	movwf	m2_update_rpm@j_1384& (0+255),b
   897  0082'                    l2480:
   898                           
   899                           ; BSR set to: 0
   900  0082' 0E00'              	movlw	low _m2_rpm
   901  0084' 2500'              	addwf	m2_update_rpm@j_1384& (0+255),w,b
   902  0086' 6ED9               	movwf	fsr2l,c
   903  0088' 6ADA               	clrf	fsr2h,c
   904  008A' 0E00'              	movlw	high _m2_rpm
   905  008C' 22DA               	addwfc	fsr2h,f,c
   906  008E' 6ADF               	clrf	indf2,c
   907  0090'                    
   908                           ; BSR set to: 0
   909  0090' 2B00'              	incf	m2_update_rpm@j_1384& (0+255),f,b
   910  0092'                    
   911                           ; BSR set to: 0
   912  0092' 0E04               	movlw	4
   913  0094' 6500'              	cpfsgt	m2_update_rpm@j_1384& (0+255),b
   914  0096' EF00' F000'        	goto	u1761
   915  009A' EF00' F000'        	goto	u1760
   916  009E'                    u1761:
   917  009E' EF00' F000'        	goto	l2480
   918  00A2'                    u1760:
   919  00A2'                    
   920                           ; BSR set to: 0
   921                           ;main.c: 511:             m2_avg_rpm=0;
   922  00A2' 0E00               	movlw	0
   923  00A4' 6F00'              	movwf	(_m2_avg_rpm+1)& (0+255),b	;volatile
   924  00A6' 0E00               	movlw	0
   925  00A8' 6F00'              	movwf	_m2_avg_rpm& (0+255),b	;volatile
   926                           
   927                           ;main.c: 512:         }
   928  00AA' EF00' F000'        	goto	l331
   929  00AE'                    l2488:
   930  00AE' 0600'              	decf	_m2_time_out^0,f,c	;volatile
   931  00B0'                    l331:
   932  00B0' 0012               	return		;funcret
   933  00B2'                    __end_of_m2_update_rpm:
   934                           	callstack 0
   935                           
   936 ;; *************** function _m2_set_duty *****************
   937 ;; Defined at:
   938 ;;		line 435 in file "main.c"
   939 ;; Parameters:    Size  Location     Type
   940 ;;  duty_rw         2   25[BANK0 ] unsigned short 
   941 ;; Auto vars:     Size  Location     Type
   942 ;;		None
   943 ;; Return value:  Size  Location     Type
   944 ;;                  1    wreg      void 
   945 ;; Registers used:
   946 ;;		wreg, status,2, status,0, cstack
   947 ;; Tracked objects:
   948 ;;		On entry : 0/0
   949 ;;		On exit  : 0/0
   950 ;;		Unchanged: 0/0
   951 ;; Data sizes:     COMRAM   BANK0   BANK1   BANK2   BANK3   BANK4   BANK5   BANK6   BANK7
   952 ;;      Params:         0       2       0       0       0       0       0       0       0
   953 ;;      Locals:         0       0       0       0       0       0       0       0       0
   954 ;;      Temps:          0       4       0       0       0       0       0       0       0
   955 ;;      Totals:         0       6       0       0       0       0       0       0       0
   956 ;;Total ram usage:        6 bytes
   957 ;; Hardware stack levels used: 1
   958 ;; Hardware stack levels required when called: 6
   959 ;; This function calls:
   960 ;;		___lldiv
   961 ;;		___lmul
   962 ;; This function is called by:
   963 ;;		_con_m2_RPM
   964 ;;		_m2_pwm_int
   965 ;;		_m2_set_pwm_frq
   966 ;; This function uses a non-reentrant model
   967 ;;
   968                           
   969                           	psect	text3
   970  0000'                    __ptext3:
   971                           	callstack 0
   972  0000'                    _m2_set_duty:
   973                           	callstack 23
   974  0000'                    
   975                           ;main.c: 435: void m2_set_duty(uint16_t duty_rw);main.c: 436: {;main.c: 437:     duty_rw
      +                           = (uint16_t)(((uint32_t)duty_rw *4*T4PR) / 100);
   976  0000' 0100               	movlb	0	; () banked
   977  0002' 5100'              	movf	m2_set_duty@duty_rw& (0+255),w,b
   978  0004' 6F00'              	movwf	??_m2_set_duty& (0+255),b
   979  0006' 5100'              	movf	(m2_set_duty@duty_rw+1)& (0+255),w,b
   980  0008' 6F00'              	movwf	(??_m2_set_duty+1)& (0+255),b
   981  000A' 6B00'              	clrf	(??_m2_set_duty+2)& (0+255),b
   982  000C' 6B00'              	clrf	(??_m2_set_duty+3)& (0+255),b
   983  000E' 0E02               	movlw	2
   984  0010'                    u1705:
   985  0010' 90D8               	bcf	status,0,c
   986  0012' 3700'              	rlcf	??_m2_set_duty& (0+255),f,b
   987  0014' 3700'              	rlcf	(??_m2_set_duty+1)& (0+255),f,b
   988  0016' 3700'              	rlcf	(??_m2_set_duty+2)& (0+255),f,b
   989  0018' 3700'              	rlcf	(??_m2_set_duty+3)& (0+255),f,b
   990  001A' 2EE8               	decfsz	wreg,f,c
   991  001C' EF00' F000'        	goto	u1705
   992  0020' C01B' F000'        	movff	??_m2_set_duty,___lmul@multiplier
   993  0024' C01C' F001'        	movff	??_m2_set_duty+1,___lmul@multiplier+1
   994  0028' C01D' F002'        	movff	??_m2_set_duty+2,___lmul@multiplier+2
   995  002C' C01E' F003'        	movff	??_m2_set_duty+3,___lmul@multiplier+3
   996  0030' 50B5               	movf	181,w,c	;volatile
   997  0032' 6F00'              	movwf	___lmul@multiplicand& (0+255),b
   998  0034' 6B00'              	clrf	(___lmul@multiplicand+1)& (0+255),b
   999  0036' 6B00'              	clrf	(___lmul@multiplicand+2)& (0+255),b
  1000  0038' 6B00'              	clrf	(___lmul@multiplicand+3)& (0+255),b
  1001  003A' EC00' F000'        	call	___lmul	;wreg free
  1002  003E' C000' F00C'        	movff	?___lmul,___lldiv@dividend
  1003  0042' C001' F00D'        	movff	?___lmul+1,___lldiv@dividend+1
  1004  0046' C002' F00E'        	movff	?___lmul+2,___lldiv@dividend+2
  1005  004A' C003' F00F'        	movff	?___lmul+3,___lldiv@dividend+3
  1006  004E' 0E64               	movlw	100
  1007  0050' 0100               	movlb	0	; () banked
  1008  0052' 6F00'              	movwf	___lldiv@divisor& (0+255),b
  1009  0054' 0E00               	movlw	0
  1010  0056' 6F00'              	movwf	(___lldiv@divisor+1)& (0+255),b
  1011  0058' 0E00               	movlw	0
  1012  005A' 6F00'              	movwf	(___lldiv@divisor+2)& (0+255),b
  1013  005C' 0E00               	movlw	0
  1014  005E' 6F00'              	movwf	(___lldiv@divisor+3)& (0+255),b
  1015  0060' EC00' F000'        	call	___lldiv	;wreg free
  1016  0064' C00C' F019'        	movff	?___lldiv,m2_set_duty@duty_rw
  1017  0068' C00D' F01A'        	movff	?___lldiv+1,m2_set_duty@duty_rw+1
  1018  006C'                    
  1019                           ;main.c: 438:     if(duty_rw>1023) { duty_rw=1020; }
  1020  006C' 0E04               	movlw	4
  1021  006E' 0100               	movlb	0	; () banked
  1022  0070' 5D00'              	subwf	(m2_set_duty@duty_rw+1)& (0+255),w,b
  1023  0072' A0D8               	btfss	status,0,c
  1024  0074' EF00' F000'        	goto	u1711
  1025  0078' EF00' F000'        	goto	u1710
  1026  007C'                    u1711:
  1027  007C' EF00' F000'        	goto	l2450
  1028  0080'                    u1710:
  1029  0080'                    
  1030                           ; BSR set to: 0
  1031  0080' 0E03               	movlw	3
  1032  0082' 6F00'              	movwf	(m2_set_duty@duty_rw+1)& (0+255),b
  1033  0084' 0EFC               	movlw	252
  1034  0086' 6F00'              	movwf	m2_set_duty@duty_rw& (0+255),b
  1035  0088'                    l2450:
  1036                           
  1037                           ; BSR set to: 0
  1038                           ;main.c: 439:     PWM4DCH = (uint8_t)(duty_rw >>2);
  1039  0088' C019' F01B'        	movff	m2_set_duty@duty_rw,??_m2_set_duty
  1040  008C' C01A' F01C'        	movff	m2_set_duty@duty_rw+1,??_m2_set_duty+1
  1041  0090' 90D8               	bcf	status,0,c
  1042  0092' 3300'              	rrcf	(??_m2_set_duty+1)& (0+255),f,b
  1043  0094' 3300'              	rrcf	??_m2_set_duty& (0+255),f,b
  1044  0096' 90D8               	bcf	status,0,c
  1045  0098' 3300'              	rrcf	(??_m2_set_duty+1)& (0+255),f,b
  1046  009A' 3300'              	rrcf	??_m2_set_duty& (0+255),f,b
  1047  009C' 5100'              	movf	??_m2_set_duty& (0+255),w,b
  1048  009E' 6EA0               	movwf	160,c	;volatile
  1049  00A0'                    
  1050                           ; BSR set to: 0
  1051                           ;main.c: 440:     PWM4DCL = (uint8_t)((PWM4DCL & 0x3F) | ((duty_rw & 0x03) << 6));
  1052  00A0' C019' F01B'        	movff	m2_set_duty@duty_rw,??_m2_set_duty
  1053  00A4' 0E03               	movlw	3
  1054  00A6' 1700'              	andwf	??_m2_set_duty& (0+255),f,b
  1055  00A8' 0E06               	movlw	6
  1056  00AA' 6F00'              	movwf	(??_m2_set_duty+1)& (0+255),b
  1057  00AC'                    u1725:
  1058  00AC' 90D8               	bcf	status,0,c
  1059  00AE' 3700'              	rlcf	??_m2_set_duty& (0+255),f,b
  1060  00B0' 2F00'              	decfsz	(??_m2_set_duty+1)& (0+255),f,b
  1061  00B2' EF00' F000'        	goto	u1725
  1062  00B6' 509F               	movf	159,w,c	;volatile
  1063  00B8' 0B3F               	andlw	63
  1064  00BA' 1100'              	iorwf	??_m2_set_duty& (0+255),w,b
  1065  00BC' 6E9F               	movwf	159,c	;volatile
  1066  00BE'                    
  1067                           ; BSR set to: 0
  1068  00BE' 0012               	return		;funcret
  1069  00C0'                    __end_of_m2_set_duty:
  1070                           	callstack 0
  1071                           
  1072 ;; *************** function _con_m1_RPM *****************
  1073 ;; Defined at:
  1074 ;;		line 388 in file "main.c"
  1075 ;; Parameters:    Size  Location     Type
  1076 ;;  de_rpm          1    wreg     unsigned char 
  1077 ;; Auto vars:     Size  Location     Type
  1078 ;;  de_rpm          1   33[BANK0 ] unsigned char 
  1079 ;;  new_duty        2   34[BANK0 ] short 
  1080 ;;  rpm_er          2   31[BANK0 ] short 
  1081 ;; Return value:  Size  Location     Type
  1082 ;;                  1    wreg      void 
  1083 ;; Registers used:
  1084 ;;		wreg, fsr2l, fsr2h, status,2, status,0, cstack
  1085 ;; Tracked objects:
  1086 ;;		On entry : 0/0
  1087 ;;		On exit  : 0/0
  1088 ;;		Unchanged: 0/0
  1089 ;; Data sizes:     COMRAM   BANK0   BANK1   BANK2   BANK3   BANK4   BANK5   BANK6   BANK7
  1090 ;;      Params:         0       0       0       0       0       0       0       0       0
  1091 ;;      Locals:         0       5       0       0       0       0       0       0       0
  1092 ;;      Temps:          0       0       0       0       0       0       0       0       0
  1093 ;;      Totals:         0       5       0       0       0       0       0       0       0
  1094 ;;Total ram usage:        5 bytes
  1095 ;; Hardware stack levels used: 1
  1096 ;; Hardware stack levels required when called: 7
  1097 ;; This function calls:
  1098 ;;		___awdiv
  1099 ;;		_m1_set_duty
  1100 ;;		_m1_update_rpm
  1101 ;; This function is called by:
  1102 ;;		_main
  1103 ;; This function uses a non-reentrant model
  1104 ;;
  1105                           
  1106                           	psect	text4
  1107  0000'                    __ptext4:
  1108                           	callstack 0
  1109  0000'                    _con_m1_RPM:
  1110                           	callstack 23
  1111                           
  1112                           ; BSR set to: 0
  1113                           ;incstack = 0
  1114                           ;con_m1_RPM@de_rpm stored from wreg
  1115  0000' 0100               	movlb	0	; () banked
  1116  0002' 6F00'              	movwf	con_m1_RPM@de_rpm& (0+255),b
  1117  0004'                    
  1118                           ;main.c: 388: void con_m1_RPM(uint8_t de_rpm);main.c: 389: {;main.c: 390:     m1_update_
      +                          rpm();
  1119  0004' EC00' F000'        	call	_m1_update_rpm	;wreg free
  1120  0008'                    
  1121                           ;main.c: 392:     if (de_rpm == 0) m1_set_duty(0);
  1122  0008' 0100               	movlb	0	; () banked
  1123  000A' 5100'              	movf	con_m1_RPM@de_rpm& (0+255),w,b
  1124  000C' A4D8               	btfss	status,2,c
  1125  000E' EF00' F000'        	goto	u1831
  1126  0012' EF00' F000'        	goto	u1830
  1127  0016'                    u1831:
  1128  0016' EF00' F000'        	goto	l2558
  1129  001A'                    u1830:
  1130  001A'                    
  1131                           ; BSR set to: 0
  1132  001A' 0E00               	movlw	0
  1133  001C' 6F00'              	movwf	(m1_set_duty@duty_rw+1)& (0+255),b
  1134  001E' 0E00               	movlw	0
  1135  0020' 6F00'              	movwf	m1_set_duty@duty_rw& (0+255),b
  1136  0022' EC00' F000'        	call	_m1_set_duty	;wreg free
  1137  0026' EF00' F000'        	goto	l299
  1138  002A'                    l2558:
  1139                           
  1140                           ; BSR set to: 0
  1141                           ;main.c: 394:     {;main.c: 395:         int16_t rpm_er = (int16_t)de_rpm - (int16_t)m1_
      +                          avg_rpm;
  1142  002A' 5100'              	movf	_m1_avg_rpm& (0+255),w,b	;volatile
  1143  002C' 5D00'              	subwf	con_m1_RPM@de_rpm& (0+255),w,b
  1144  002E' 6F00'              	movwf	con_m1_RPM@rpm_er& (0+255),b
  1145  0030' 5100'              	movf	(_m1_avg_rpm+1)& (0+255),w,b	;volatile
  1146  0032' A0D8               	btfss	status,0,c
  1147  0034' 2900'              	incf	(_m1_avg_rpm+1)& (0+255),w,b	;volatile
  1148  0036' 6B00'              	clrf	(con_m1_RPM@rpm_er+1)& (0+255),b
  1149  0038' 5F00'              	subwf	(con_m1_RPM@rpm_er+1)& (0+255),f,b
  1150  003A'                    
  1151                           ; BSR set to: 0
  1152                           ;main.c: 396:         int16_t new_duty = (int16_t)m1_duty + (rpm_er/12);
  1153  003A' C01F' F000'        	movff	con_m1_RPM@rpm_er,___awdiv@dividend
  1154  003E' C020' F001'        	movff	con_m1_RPM@rpm_er+1,___awdiv@dividend+1
  1155  0042' 0E00               	movlw	0
  1156  0044' 6F00'              	movwf	(___awdiv@divisor+1)& (0+255),b
  1157  0046' 0E0C               	movlw	12
  1158  0048' 6F00'              	movwf	___awdiv@divisor& (0+255),b
  1159  004A' EC00' F000'        	call	___awdiv	;wreg free
  1160  004E' 0100               	movlb	0	; () banked
  1161  0050' 5100'              	movf	_m1_duty& (0+255),w,b	;volatile
  1162  0052' 2500'              	addwf	?___awdiv& (0+255),w,b
  1163  0054' 6F00'              	movwf	con_m1_RPM@new_duty& (0+255),b
  1164  0056' 0E00               	movlw	0
  1165  0058' 2100'              	addwfc	(?___awdiv+1)& (0+255),w,b
  1166  005A' 6F00'              	movwf	(con_m1_RPM@new_duty+1)& (0+255),b
  1167  005C'                    
  1168                           ; BSR set to: 0
  1169                           ;main.c: 398:         if (new_duty < 0) m1_duty = 0;
  1170  005C' BF00'              	btfsc	(con_m1_RPM@new_duty+1)& (0+255),7,b
  1171  005E' EF00' F000'        	goto	u1840
  1172  0062' EF00' F000'        	goto	u1841
  1173  0066'                    u1841:
  1174  0066' EF00' F000'        	goto	l2566
  1175  006A'                    u1840:
  1176  006A'                    
  1177                           ; BSR set to: 0
  1178  006A' 0E00               	movlw	0
  1179  006C' 6F00'              	movwf	_m1_duty& (0+255),b	;volatile
  1180  006E' EF00' F000'        	goto	l2570
  1181  0072'                    l2566:
  1182                           
  1183                           ; BSR set to: 0
  1184  0072' BF00'              	btfsc	(con_m1_RPM@new_duty+1)& (0+255),7,b
  1185  0074' EF00' F000'        	goto	u1851
  1186  0078' 5100'              	movf	(con_m1_RPM@new_duty+1)& (0+255),w,b
  1187  007A' E109               	bnz	u1850
  1188  007C' 0E64               	movlw	100
  1189  007E' 5D00'              	subwf	con_m1_RPM@new_duty& (0+255),w,b
  1190  0080' A0D8               	btfss	status,0,c
  1191  0082' EF00' F000'        	goto	u1851
  1192  0086' EF00' F000'        	goto	u1850
  1193  008A'                    u1851:
  1194  008A' EF00' F000'        	goto	l297
  1195  008E'                    u1850:
  1196  008E'                    
  1197                           ; BSR set to: 0
  1198  008E' 0E63               	movlw	99
  1199  0090' 6F00'              	movwf	_m1_duty& (0+255),b	;volatile
  1200  0092' EF00' F000'        	goto	l2570
  1201  0096'                    l297:
  1202                           
  1203                           ; BSR set to: 0
  1204  0096' C022' F00A'        	movff	con_m1_RPM@new_duty,_m1_duty	;volatile
  1205  009A'                    l2570:
  1206                           
  1207                           ; BSR set to: 0
  1208                           ;main.c: 402:         m1_set_duty(m1_duty);
  1209  009A' C00A' F019'        	movff	_m1_duty,m1_set_duty@duty_rw	;volatile
  1210  009E' 6B00'              	clrf	(m1_set_duty@duty_rw+1)& (0+255),b
  1211  00A0' EC00' F000'        	call	_m1_set_duty	;wreg free
  1212  00A4'                    
  1213                           ;main.c: 403:         m1_outDate3=1;
  1214  00A4' 0E01               	movlw	1
  1215  00A6' 6E00'              	movwf	_m1_outDate3^0,c	;volatile
  1216  00A8'                    l299:
  1217  00A8' 0012               	return		;funcret
  1218  00AA'                    __end_of_con_m1_RPM:
  1219                           	callstack 0
  1220                           
  1221 ;; *************** function _m1_update_rpm *****************
  1222 ;; Defined at:
  1223 ;;		line 367 in file "main.c"
  1224 ;; Parameters:    Size  Location     Type
  1225 ;;		None
  1226 ;; Auto vars:     Size  Location     Type
  1227 ;;  j               1   11[BANK0 ] unsigned char 
  1228 ;;  j               1   10[BANK0 ] unsigned char 
  1229 ;;  sum             2    8[BANK0 ] unsigned short 
  1230 ;; Return value:  Size  Location     Type
  1231 ;;                  1    wreg      void 
  1232 ;; Registers used:
  1233 ;;		wreg, fsr2l, fsr2h, status,2, status,0, cstack
  1234 ;; Tracked objects:
  1235 ;;		On entry : 0/0
  1236 ;;		On exit  : 0/0
  1237 ;;		Unchanged: 0/0
  1238 ;; Data sizes:     COMRAM   BANK0   BANK1   BANK2   BANK3   BANK4   BANK5   BANK6   BANK7
  1239 ;;      Params:         0       0       0       0       0       0       0       0       0
  1240 ;;      Locals:         0       4       0       0       0       0       0       0       0
  1241 ;;      Temps:          0       1       0       0       0       0       0       0       0
  1242 ;;      Totals:         0       5       0       0       0       0       0       0       0
  1243 ;;Total ram usage:        5 bytes
  1244 ;; Hardware stack levels used: 1
  1245 ;; Hardware stack levels required when called: 6
  1246 ;; This function calls:
  1247 ;;		___lwdiv
  1248 ;; This function is called by:
  1249 ;;		_con_m1_RPM
  1250 ;; This function uses a non-reentrant model
  1251 ;;
  1252                           
  1253                           	psect	text5
  1254  0000'                    __ptext5:
  1255                           	callstack 0
  1256  0000'                    _m1_update_rpm:
  1257                           	callstack 23
  1258  0000'                    
  1259                           ;main.c: 369:     if(!m1_outDate)
  1260  0000' 5000'              	movf	_m1_outDate^0,w,c	;volatile
  1261  0002' A4D8               	btfss	status,2,c
  1262  0004' EF00' F000'        	goto	u1661
  1263  0008' EF00' F000'        	goto	u1660
  1264  000C'                    u1661:
  1265  000C' EF00' F000'        	goto	l2426
  1266  0010'                    u1660:
  1267  0010'                    
  1268                           ;main.c: 370:     {;main.c: 371:         uint16_t sum = 0;
  1269  0010' 0E00               	movlw	0
  1270  0012' 0100               	movlb	0	; () banked
  1271  0014' 6F00'              	movwf	(m1_update_rpm@sum+1)& (0+255),b
  1272  0016' 0E00               	movlw	0
  1273  0018' 6F00'              	movwf	m1_update_rpm@sum& (0+255),b
  1274                           
  1275                           ;main.c: 372:         for (uint8_t j = 0; j <= 4; j++) sum += m1_rpm[j];
  1276  001A' 0E00               	movlw	0
  1277  001C' 6F00'              	movwf	m1_update_rpm@j& (0+255),b
  1278  001E'                    l2416:
  1279                           
  1280                           ; BSR set to: 0
  1281  001E' 0E00'              	movlw	low _m1_rpm
  1282  0020' 2500'              	addwf	m1_update_rpm@j& (0+255),w,b
  1283  0022' 6ED9               	movwf	fsr2l,c
  1284  0024' 6ADA               	clrf	fsr2h,c
  1285  0026' 0E00'              	movlw	high _m1_rpm
  1286  0028' 22DA               	addwfc	fsr2h,f,c
  1287  002A' 50DF               	movf	indf2,w,c
  1288  002C' 6F00'              	movwf	??_m1_update_rpm& (0+255),b
  1289  002E' 5100'              	movf	??_m1_update_rpm& (0+255),w,b
  1290  0030' 2700'              	addwf	m1_update_rpm@sum& (0+255),f,b
  1291  0032' 0E00               	movlw	0
  1292  0034' 2300'              	addwfc	(m1_update_rpm@sum+1)& (0+255),f,b
  1293  0036'                    
  1294                           ; BSR set to: 0
  1295  0036' 2B00'              	incf	m1_update_rpm@j& (0+255),f,b
  1296  0038'                    
  1297                           ; BSR set to: 0
  1298  0038' 0E04               	movlw	4
  1299  003A' 6500'              	cpfsgt	m1_update_rpm@j& (0+255),b
  1300  003C' EF00' F000'        	goto	u1671
  1301  0040' EF00' F000'        	goto	u1670
  1302  0044'                    u1671:
  1303  0044' EF00' F000'        	goto	l2416
  1304  0048'                    u1670:
  1305  0048'                    
  1306                           ; BSR set to: 0
  1307                           ;main.c: 373:         m1_avg_rpm = sum / 5;
  1308  0048' C008' F000'        	movff	m1_update_rpm@sum,___lwdiv@dividend
  1309  004C' C009' F001'        	movff	m1_update_rpm@sum+1,___lwdiv@dividend+1
  1310  0050' 0E00               	movlw	0
  1311  0052' 6F00'              	movwf	(___lwdiv@divisor+1)& (0+255),b
  1312  0054' 0E05               	movlw	5
  1313  0056' 6F00'              	movwf	___lwdiv@divisor& (0+255),b
  1314  0058' EC00' F000'        	call	___lwdiv	;wreg free
  1315  005C' C000' F006'        	movff	?___lwdiv,_m1_avg_rpm	;volatile
  1316  0060' C001' F007'        	movff	?___lwdiv+1,_m1_avg_rpm+1	;volatile
  1317  0064'                    
  1318                           ;main.c: 374:         m1_outDate=1;
  1319  0064' 0E01               	movlw	1
  1320  0066' 6E00'              	movwf	_m1_outDate^0,c	;volatile
  1321                           
  1322                           ;main.c: 375:     }
  1323  0068' EF00' F000'        	goto	l290
  1324  006C'                    l2426:
  1325                           
  1326                           ;main.c: 377:     {;main.c: 378:         if(m1_time_out==0)
  1327  006C' 5000'              	movf	_m1_time_out^0,w,c	;volatile
  1328  006E' A4D8               	btfss	status,2,c
  1329  0070' EF00' F000'        	goto	u1681
  1330  0074' EF00' F000'        	goto	u1680
  1331  0078'                    u1681:
  1332  0078' EF00' F000'        	goto	l2442
  1333  007C'                    u1680:
  1334  007C'                    
  1335                           ;main.c: 379:         {;main.c: 380:             for (uint8_t j = 0; j <= 4; j++) m1_rpm
      +                          [j]=0;
  1336  007C' 0E00               	movlw	0
  1337  007E' 0100               	movlb	0	; () banked
  1338  0080' 6F00'              	movwf	m1_update_rpm@j_1351& (0+255),b
  1339  0082'                    l2434:
  1340                           
  1341                           ; BSR set to: 0
  1342  0082' 0E00'              	movlw	low _m1_rpm
  1343  0084' 2500'              	addwf	m1_update_rpm@j_1351& (0+255),w,b
  1344  0086' 6ED9               	movwf	fsr2l,c
  1345  0088' 6ADA               	clrf	fsr2h,c
  1346  008A' 0E00'              	movlw	high _m1_rpm
  1347  008C' 22DA               	addwfc	fsr2h,f,c
  1348  008E' 6ADF               	clrf	indf2,c
  1349  0090'                    
  1350                           ; BSR set to: 0
  1351  0090' 2B00'              	incf	m1_update_rpm@j_1351& (0+255),f,b
  1352  0092'                    
  1353                           ; BSR set to: 0
  1354  0092' 0E04               	movlw	4
  1355  0094' 6500'              	cpfsgt	m1_update_rpm@j_1351& (0+255),b
  1356  0096' EF00' F000'        	goto	u1691
  1357  009A' EF00' F000'        	goto	u1690
  1358  009E'                    u1691:
  1359  009E' EF00' F000'        	goto	l2434
  1360  00A2'                    u1690:
  1361  00A2'                    
  1362                           ; BSR set to: 0
  1363                           ;main.c: 381:             m1_avg_rpm=0;
  1364  00A2' 0E00               	movlw	0
  1365  00A4' 6F00'              	movwf	(_m1_avg_rpm+1)& (0+255),b	;volatile
  1366  00A6' 0E00               	movlw	0
  1367  00A8' 6F00'              	movwf	_m1_avg_rpm& (0+255),b	;volatile
  1368                           
  1369                           ;main.c: 382:         }
  1370  00AA' EF00' F000'        	goto	l290
  1371  00AE'                    l2442:
  1372  00AE' 0600'              	decf	_m1_time_out^0,f,c	;volatile
  1373  00B0'                    l290:
  1374  00B0' 0012               	return		;funcret
  1375  00B2'                    __end_of_m1_update_rpm:
  1376                           	callstack 0
  1377                           
  1378 ;; *************** function ___lwdiv *****************
  1379 ;; Defined at:
  1380 ;;		line 7 in file "C:\Program Files\Microchip\xc8\v2.41\pic\sources\c99\common\lwdiv.c"
  1381 ;; Parameters:    Size  Location     Type
  1382 ;;  dividend        2    0[BANK0 ] unsigned int 
  1383 ;;  divisor         2    2[BANK0 ] unsigned int 
  1384 ;; Auto vars:     Size  Location     Type
  1385 ;;  quotient        2    5[BANK0 ] unsigned int 
  1386 ;;  counter         1    4[BANK0 ] unsigned char 
  1387 ;; Return value:  Size  Location     Type
  1388 ;;                  2    0[BANK0 ] unsigned int 
  1389 ;; Registers used:
  1390 ;;		wreg, status,2, status,0
  1391 ;; Tracked objects:
  1392 ;;		On entry : 0/0
  1393 ;;		On exit  : 0/0
  1394 ;;		Unchanged: 0/0
  1395 ;; Data sizes:     COMRAM   BANK0   BANK1   BANK2   BANK3   BANK4   BANK5   BANK6   BANK7
  1396 ;;      Params:         0       4       0       0       0       0       0       0       0
  1397 ;;      Locals:         0       3       0       0       0       0       0       0       0
  1398 ;;      Temps:          0       0       0       0       0       0       0       0       0
  1399 ;;      Totals:         0       7       0       0       0       0       0       0       0
  1400 ;;Total ram usage:        7 bytes
  1401 ;; Hardware stack levels used: 1
  1402 ;; Hardware stack levels required when called: 5
  1403 ;; This function calls:
  1404 ;;		Nothing
  1405 ;; This function is called by:
  1406 ;;		_m1_update_rpm
  1407 ;;		_m2_update_rpm
  1408 ;; This function uses a non-reentrant model
  1409 ;;
  1410                           
  1411                           	psect	text6
  1412  0000'                    __ptext6:
  1413                           	callstack 0
  1414  0000'                    ___lwdiv:
  1415                           	callstack 23
  1416  0000' 0E00               	movlw	0
  1417  0002' 0100               	movlb	0	; () banked
  1418  0004' 6F00'              	movwf	(___lwdiv@quotient+1)& (0+255),b
  1419  0006' 0E00               	movlw	0
  1420  0008' 6F00'              	movwf	___lwdiv@quotient& (0+255),b
  1421  000A'                    
  1422                           ; BSR set to: 0
  1423  000A' 5100'              	movf	___lwdiv@divisor& (0+255),w,b
  1424  000C' 1100'              	iorwf	(___lwdiv@divisor+1)& (0+255),w,b
  1425  000E' B4D8               	btfsc	status,2,c
  1426  0010' EF00' F000'        	goto	u1601
  1427  0014' EF00' F000'        	goto	u1600
  1428  0018'                    u1601:
  1429  0018' EF00' F000'        	goto	l834
  1430  001C'                    u1600:
  1431  001C'                    
  1432                           ; BSR set to: 0
  1433  001C' 0E01               	movlw	1
  1434  001E' 6F00'              	movwf	___lwdiv@counter& (0+255),b
  1435  0020' EF00' F000'        	goto	l2346
  1436  0024'                    l2344:
  1437                           
  1438                           ; BSR set to: 0
  1439  0024' 90D8               	bcf	status,0,c
  1440  0026' 3700'              	rlcf	___lwdiv@divisor& (0+255),f,b
  1441  0028' 3700'              	rlcf	(___lwdiv@divisor+1)& (0+255),f,b
  1442  002A' 2B00'              	incf	___lwdiv@counter& (0+255),f,b
  1443  002C'                    l2346:
  1444                           
  1445                           ; BSR set to: 0
  1446  002C' AF00'              	btfss	(___lwdiv@divisor+1)& (0+255),7,b
  1447  002E' EF00' F000'        	goto	u1611
  1448  0032' EF00' F000'        	goto	u1610
  1449  0036'                    u1611:
  1450  0036' EF00' F000'        	goto	l2344
  1451  003A'                    u1610:
  1452  003A'                    l2348:
  1453                           
  1454                           ; BSR set to: 0
  1455  003A' 90D8               	bcf	status,0,c
  1456  003C' 3700'              	rlcf	___lwdiv@quotient& (0+255),f,b
  1457  003E' 3700'              	rlcf	(___lwdiv@quotient+1)& (0+255),f,b
  1458  0040'                    
  1459                           ; BSR set to: 0
  1460  0040' 5100'              	movf	___lwdiv@divisor& (0+255),w,b
  1461  0042' 5D00'              	subwf	___lwdiv@dividend& (0+255),w,b
  1462  0044' 5100'              	movf	(___lwdiv@divisor+1)& (0+255),w,b
  1463  0046' 5900'              	subwfb	(___lwdiv@dividend+1)& (0+255),w,b
  1464  0048' A0D8               	btfss	status,0,c
  1465  004A' EF00' F000'        	goto	u1621
  1466  004E' EF00' F000'        	goto	u1620
  1467  0052'                    u1621:
  1468  0052' EF00' F000'        	goto	l2356
  1469  0056'                    u1620:
  1470  0056'                    
  1471                           ; BSR set to: 0
  1472  0056' 5100'              	movf	___lwdiv@divisor& (0+255),w,b
  1473  0058' 5F00'              	subwf	___lwdiv@dividend& (0+255),f,b
  1474  005A' 5100'              	movf	(___lwdiv@divisor+1)& (0+255),w,b
  1475  005C' 5B00'              	subwfb	(___lwdiv@dividend+1)& (0+255),f,b
  1476  005E'                    
  1477                           ; BSR set to: 0
  1478  005E' 8100'              	bsf	___lwdiv@quotient& (0+255),0,b
  1479  0060'                    l2356:
  1480                           
  1481                           ; BSR set to: 0
  1482  0060' 90D8               	bcf	status,0,c
  1483  0062' 3300'              	rrcf	(___lwdiv@divisor+1)& (0+255),f,b
  1484  0064' 3300'              	rrcf	___lwdiv@divisor& (0+255),f,b
  1485  0066'                    
  1486                           ; BSR set to: 0
  1487  0066' 2F00'              	decfsz	___lwdiv@counter& (0+255),f,b
  1488  0068' EF00' F000'        	goto	l2348
  1489  006C'                    l834:
  1490                           
  1491                           ; BSR set to: 0
  1492  006C' C005' F000'        	movff	___lwdiv@quotient,?___lwdiv
  1493  0070' C006' F001'        	movff	___lwdiv@quotient+1,?___lwdiv+1
  1494  0074'                    
  1495                           ; BSR set to: 0
  1496  0074' 0012               	return		;funcret
  1497  0076'                    __end_of___lwdiv:
  1498                           	callstack 0
  1499                           
  1500 ;; *************** function _m1_set_duty *****************
  1501 ;; Defined at:
  1502 ;;		line 302 in file "main.c"
  1503 ;; Parameters:    Size  Location     Type
  1504 ;;  duty_rw         2   25[BANK0 ] unsigned short 
  1505 ;; Auto vars:     Size  Location     Type
  1506 ;;		None
  1507 ;; Return value:  Size  Location     Type
  1508 ;;                  1    wreg      void 
  1509 ;; Registers used:
  1510 ;;		wreg, status,2, status,0, cstack
  1511 ;; Tracked objects:
  1512 ;;		On entry : 0/0
  1513 ;;		On exit  : 0/0
  1514 ;;		Unchanged: 0/0
  1515 ;; Data sizes:     COMRAM   BANK0   BANK1   BANK2   BANK3   BANK4   BANK5   BANK6   BANK7
  1516 ;;      Params:         0       2       0       0       0       0       0       0       0
  1517 ;;      Locals:         0       0       0       0       0       0       0       0       0
  1518 ;;      Temps:          0       4       0       0       0       0       0       0       0
  1519 ;;      Totals:         0       6       0       0       0       0       0       0       0
  1520 ;;Total ram usage:        6 bytes
  1521 ;; Hardware stack levels used: 1
  1522 ;; Hardware stack levels required when called: 6
  1523 ;; This function calls:
  1524 ;;		___lldiv
  1525 ;;		___lmul
  1526 ;; This function is called by:
  1527 ;;		_con_m1_RPM
  1528 ;;		_m1_pwm_int
  1529 ;;		_m1_set_pwm_frq
  1530 ;; This function uses a non-reentrant model
  1531 ;;
  1532                           
  1533                           	psect	text7
  1534  0000'                    __ptext7:
  1535                           	callstack 0
  1536  0000'                    _m1_set_duty:
  1537                           	callstack 23
  1538  0000'                    
  1539                           ;main.c: 302: void m1_set_duty(uint16_t duty_rw);main.c: 303: {;main.c: 304:     duty_rw
      +                           = (uint16_t)(((uint32_t)duty_rw *4*T2PR) / 100);
  1540  0000' 0100               	movlb	0	; () banked
  1541  0002' 5100'              	movf	m1_set_duty@duty_rw& (0+255),w,b
  1542  0004' 6F00'              	movwf	??_m1_set_duty& (0+255),b
  1543  0006' 5100'              	movf	(m1_set_duty@duty_rw+1)& (0+255),w,b
  1544  0008' 6F00'              	movwf	(??_m1_set_duty+1)& (0+255),b
  1545  000A' 6B00'              	clrf	(??_m1_set_duty+2)& (0+255),b
  1546  000C' 6B00'              	clrf	(??_m1_set_duty+3)& (0+255),b
  1547  000E' 0E02               	movlw	2
  1548  0010'                    u1635:
  1549  0010' 90D8               	bcf	status,0,c
  1550  0012' 3700'              	rlcf	??_m1_set_duty& (0+255),f,b
  1551  0014' 3700'              	rlcf	(??_m1_set_duty+1)& (0+255),f,b
  1552  0016' 3700'              	rlcf	(??_m1_set_duty+2)& (0+255),f,b
  1553  0018' 3700'              	rlcf	(??_m1_set_duty+3)& (0+255),f,b
  1554  001A' 2EE8               	decfsz	wreg,f,c
  1555  001C' EF00' F000'        	goto	u1635
  1556  0020' C01B' F000'        	movff	??_m1_set_duty,___lmul@multiplier
  1557  0024' C01C' F001'        	movff	??_m1_set_duty+1,___lmul@multiplier+1
  1558  0028' C01D' F002'        	movff	??_m1_set_duty+2,___lmul@multiplier+2
  1559  002C' C01E' F003'        	movff	??_m1_set_duty+3,___lmul@multiplier+3
  1560  0030' 50BB               	movf	187,w,c	;volatile
  1561  0032' 6F00'              	movwf	___lmul@multiplicand& (0+255),b
  1562  0034' 6B00'              	clrf	(___lmul@multiplicand+1)& (0+255),b
  1563  0036' 6B00'              	clrf	(___lmul@multiplicand+2)& (0+255),b
  1564  0038' 6B00'              	clrf	(___lmul@multiplicand+3)& (0+255),b
  1565  003A' EC00' F000'        	call	___lmul	;wreg free
  1566  003E' C000' F00C'        	movff	?___lmul,___lldiv@dividend
  1567  0042' C001' F00D'        	movff	?___lmul+1,___lldiv@dividend+1
  1568  0046' C002' F00E'        	movff	?___lmul+2,___lldiv@dividend+2
  1569  004A' C003' F00F'        	movff	?___lmul+3,___lldiv@dividend+3
  1570  004E' 0E64               	movlw	100
  1571  0050' 0100               	movlb	0	; () banked
  1572  0052' 6F00'              	movwf	___lldiv@divisor& (0+255),b
  1573  0054' 0E00               	movlw	0
  1574  0056' 6F00'              	movwf	(___lldiv@divisor+1)& (0+255),b
  1575  0058' 0E00               	movlw	0
  1576  005A' 6F00'              	movwf	(___lldiv@divisor+2)& (0+255),b
  1577  005C' 0E00               	movlw	0
  1578  005E' 6F00'              	movwf	(___lldiv@divisor+3)& (0+255),b
  1579  0060' EC00' F000'        	call	___lldiv	;wreg free
  1580  0064' C00C' F019'        	movff	?___lldiv,m1_set_duty@duty_rw
  1581  0068' C00D' F01A'        	movff	?___lldiv+1,m1_set_duty@duty_rw+1
  1582  006C'                    
  1583                           ;main.c: 305:     if(duty_rw>1023) { duty_rw=1020; }
  1584  006C' 0E04               	movlw	4
  1585  006E' 0100               	movlb	0	; () banked
  1586  0070' 5D00'              	subwf	(m1_set_duty@duty_rw+1)& (0+255),w,b
  1587  0072' A0D8               	btfss	status,0,c
  1588  0074' EF00' F000'        	goto	u1641
  1589  0078' EF00' F000'        	goto	u1640
  1590  007C'                    u1641:
  1591  007C' EF00' F000'        	goto	l2404
  1592  0080'                    u1640:
  1593  0080'                    
  1594                           ; BSR set to: 0
  1595  0080' 0E03               	movlw	3
  1596  0082' 6F00'              	movwf	(m1_set_duty@duty_rw+1)& (0+255),b
  1597  0084' 0EFC               	movlw	252
  1598  0086' 6F00'              	movwf	m1_set_duty@duty_rw& (0+255),b
  1599  0088'                    l2404:
  1600                           
  1601                           ; BSR set to: 0
  1602                           ;main.c: 306:     PWM3DCH = (uint8_t)(duty_rw >>2);
  1603  0088' C019' F01B'        	movff	m1_set_duty@duty_rw,??_m1_set_duty
  1604  008C' C01A' F01C'        	movff	m1_set_duty@duty_rw+1,??_m1_set_duty+1
  1605  0090' 90D8               	bcf	status,0,c
  1606  0092' 3300'              	rrcf	(??_m1_set_duty+1)& (0+255),f,b
  1607  0094' 3300'              	rrcf	??_m1_set_duty& (0+255),f,b
  1608  0096' 90D8               	bcf	status,0,c
  1609  0098' 3300'              	rrcf	(??_m1_set_duty+1)& (0+255),f,b
  1610  009A' 3300'              	rrcf	??_m1_set_duty& (0+255),f,b
  1611  009C' 5100'              	movf	??_m1_set_duty& (0+255),w,b
  1612  009E' 6EA3               	movwf	163,c	;volatile
  1613  00A0'                    
  1614                           ; BSR set to: 0
  1615                           ;main.c: 307:     PWM3DCL = (uint8_t)((PWM3DCL & 0x3F) | ((duty_rw & 0x03) << 6));
  1616  00A0' C019' F01B'        	movff	m1_set_duty@duty_rw,??_m1_set_duty
  1617  00A4' 0E03               	movlw	3
  1618  00A6' 1700'              	andwf	??_m1_set_duty& (0+255),f,b
  1619  00A8' 0E06               	movlw	6
  1620  00AA' 6F00'              	movwf	(??_m1_set_duty+1)& (0+255),b
  1621  00AC'                    u1655:
  1622  00AC' 90D8               	bcf	status,0,c
  1623  00AE' 3700'              	rlcf	??_m1_set_duty& (0+255),f,b
  1624  00B0' 2F00'              	decfsz	(??_m1_set_duty+1)& (0+255),f,b
  1625  00B2' EF00' F000'        	goto	u1655
  1626  00B6' 50A2               	movf	162,w,c	;volatile
  1627  00B8' 0B3F               	andlw	63
  1628  00BA' 1100'              	iorwf	??_m1_set_duty& (0+255),w,b
  1629  00BC' 6EA2               	movwf	162,c	;volatile
  1630  00BE'                    
  1631                           ; BSR set to: 0
  1632  00BE' 0012               	return		;funcret
  1633  00C0'                    __end_of_m1_set_duty:
  1634                           	callstack 0
  1635                           
  1636 ;; *************** function ___lmul *****************
  1637 ;; Defined at:
  1638 ;;		line 15 in file "C:\Program Files\Microchip\xc8\v2.41\pic\sources\c99\common\Umul32.c"
  1639 ;; Parameters:    Size  Location     Type
  1640 ;;  multiplier      4    0[BANK0 ] unsigned long 
  1641 ;;  multiplicand    4    4[BANK0 ] unsigned long 
  1642 ;; Auto vars:     Size  Location     Type
  1643 ;;  product         4    8[BANK0 ] unsigned long 
  1644 ;; Return value:  Size  Location     Type
  1645 ;;                  4    0[BANK0 ] unsigned long 
  1646 ;; Registers used:
  1647 ;;		wreg, status,2, status,0
  1648 ;; Tracked objects:
  1649 ;;		On entry : 0/0
  1650 ;;		On exit  : 0/0
  1651 ;;		Unchanged: 0/0
  1652 ;; Data sizes:     COMRAM   BANK0   BANK1   BANK2   BANK3   BANK4   BANK5   BANK6   BANK7
  1653 ;;      Params:         0       8       0       0       0       0       0       0       0
  1654 ;;      Locals:         0       4       0       0       0       0       0       0       0
  1655 ;;      Temps:          0       0       0       0       0       0       0       0       0
  1656 ;;      Totals:         0      12       0       0       0       0       0       0       0
  1657 ;;Total ram usage:       12 bytes
  1658 ;; Hardware stack levels used: 1
  1659 ;; Hardware stack levels required when called: 5
  1660 ;; This function calls:
  1661 ;;		Nothing
  1662 ;; This function is called by:
  1663 ;;		_m1_set_duty
  1664 ;;		_m2_set_duty
  1665 ;; This function uses a non-reentrant model
  1666 ;;
  1667                           
  1668                           	psect	text8
  1669  0000'                    __ptext8:
  1670                           	callstack 0
  1671  0000'                    ___lmul:
  1672                           	callstack 23
  1673  0000' 0E00               	movlw	0
  1674  0002' 0100               	movlb	0	; () banked
  1675  0004' 6F00'              	movwf	___lmul@product& (0+255),b
  1676  0006' 0E00               	movlw	0
  1677  0008' 6F00'              	movwf	(___lmul@product+1)& (0+255),b
  1678  000A' 0E00               	movlw	0
  1679  000C' 6F00'              	movwf	(___lmul@product+2)& (0+255),b
  1680  000E' 0E00               	movlw	0
  1681  0010' 6F00'              	movwf	(___lmul@product+3)& (0+255),b
  1682  0012'                    l2308:
  1683                           
  1684                           ; BSR set to: 0
  1685  0012' A100'              	btfss	___lmul@multiplier& (0+255),0,b
  1686  0014' EF00' F000'        	goto	u1551
  1687  0018' EF00' F000'        	goto	u1550
  1688  001C'                    u1551:
  1689  001C' EF00' F000'        	goto	l2312
  1690  0020'                    u1550:
  1691  0020'                    
  1692                           ; BSR set to: 0
  1693  0020' 5100'              	movf	___lmul@multiplicand& (0+255),w,b
  1694  0022' 2700'              	addwf	___lmul@product& (0+255),f,b
  1695  0024' 5100'              	movf	(___lmul@multiplicand+1)& (0+255),w,b
  1696  0026' 2300'              	addwfc	(___lmul@product+1)& (0+255),f,b
  1697  0028' 5100'              	movf	(___lmul@multiplicand+2)& (0+255),w,b
  1698  002A' 2300'              	addwfc	(___lmul@product+2)& (0+255),f,b
  1699  002C' 5100'              	movf	(___lmul@multiplicand+3)& (0+255),w,b
  1700  002E' 2300'              	addwfc	(___lmul@product+3)& (0+255),f,b
  1701  0030'                    l2312:
  1702                           
  1703                           ; BSR set to: 0
  1704  0030' 90D8               	bcf	status,0,c
  1705  0032' 3700'              	rlcf	___lmul@multiplicand& (0+255),f,b
  1706  0034' 3700'              	rlcf	(___lmul@multiplicand+1)& (0+255),f,b
  1707  0036' 3700'              	rlcf	(___lmul@multiplicand+2)& (0+255),f,b
  1708  0038' 3700'              	rlcf	(___lmul@multiplicand+3)& (0+255),f,b
  1709  003A'                    
  1710                           ; BSR set to: 0
  1711  003A' 90D8               	bcf	status,0,c
  1712  003C' 3300'              	rrcf	(___lmul@multiplier+3)& (0+255),f,b
  1713  003E' 3300'              	rrcf	(___lmul@multiplier+2)& (0+255),f,b
  1714  0040' 3300'              	rrcf	(___lmul@multiplier+1)& (0+255),f,b
  1715  0042' 3300'              	rrcf	___lmul@multiplier& (0+255),f,b
  1716  0044' 5100'              	movf	___lmul@multiplier& (0+255),w,b
  1717  0046' 1100'              	iorwf	(___lmul@multiplier+1)& (0+255),w,b
  1718  0048' 1100'              	iorwf	(___lmul@multiplier+2)& (0+255),w,b
  1719  004A' 1100'              	iorwf	(___lmul@multiplier+3)& (0+255),w,b
  1720  004C' A4D8               	btfss	status,2,c
  1721  004E' EF00' F000'        	goto	u1561
  1722  0052' EF00' F000'        	goto	u1560
  1723  0056'                    u1561:
  1724  0056' EF00' F000'        	goto	l2308
  1725  005A'                    u1560:
  1726  005A'                    
  1727                           ; BSR set to: 0
  1728  005A' C008' F000'        	movff	___lmul@product,?___lmul
  1729  005E' C009' F001'        	movff	___lmul@product+1,?___lmul+1
  1730  0062' C00A' F002'        	movff	___lmul@product+2,?___lmul+2
  1731  0066' C00B' F003'        	movff	___lmul@product+3,?___lmul+3
  1732  006A'                    
  1733                           ; BSR set to: 0
  1734  006A' 0012               	return		;funcret
  1735  006C'                    __end_of___lmul:
  1736                           	callstack 0
  1737                           
  1738 ;; *************** function ___lldiv *****************
  1739 ;; Defined at:
  1740 ;;		line 7 in file "C:\Program Files\Microchip\xc8\v2.41\pic\sources\c99\common\__lldiv.c"
  1741 ;; Parameters:    Size  Location     Type
  1742 ;;  dividend        4   12[BANK0 ] unsigned long 
  1743 ;;  divisor         4   16[BANK0 ] unsigned long 
  1744 ;; Auto vars:     Size  Location     Type
  1745 ;;  quotient        4   20[BANK0 ] unsigned long 
  1746 ;;  counter         1   24[BANK0 ] unsigned char 
  1747 ;; Return value:  Size  Location     Type
  1748 ;;                  4   12[BANK0 ] unsigned long 
  1749 ;; Registers used:
  1750 ;;		wreg, status,2, status,0
  1751 ;; Tracked objects:
  1752 ;;		On entry : 0/0
  1753 ;;		On exit  : 0/0
  1754 ;;		Unchanged: 0/0
  1755 ;; Data sizes:     COMRAM   BANK0   BANK1   BANK2   BANK3   BANK4   BANK5   BANK6   BANK7
  1756 ;;      Params:         0       8       0       0       0       0       0       0       0
  1757 ;;      Locals:         0       5       0       0       0       0       0       0       0
  1758 ;;      Temps:          0       0       0       0       0       0       0       0       0
  1759 ;;      Totals:         0      13       0       0       0       0       0       0       0
  1760 ;;Total ram usage:       13 bytes
  1761 ;; Hardware stack levels used: 1
  1762 ;; Hardware stack levels required when called: 5
  1763 ;; This function calls:
  1764 ;;		Nothing
  1765 ;; This function is called by:
  1766 ;;		_m1_set_duty
  1767 ;;		_m2_set_duty
  1768 ;;		_m1_set_pwm_frq
  1769 ;;		_m2_set_pwm_frq
  1770 ;; This function uses a non-reentrant model
  1771 ;;
  1772                           
  1773                           	psect	text9
  1774  0000'                    __ptext9:
  1775                           	callstack 0
  1776  0000'                    ___lldiv:
  1777                           	callstack 23
  1778  0000' 0E00               	movlw	0
  1779  0002' 0100               	movlb	0	; () banked
  1780  0004' 6F00'              	movwf	___lldiv@quotient& (0+255),b
  1781  0006' 0E00               	movlw	0
  1782  0008' 6F00'              	movwf	(___lldiv@quotient+1)& (0+255),b
  1783  000A' 0E00               	movlw	0
  1784  000C' 6F00'              	movwf	(___lldiv@quotient+2)& (0+255),b
  1785  000E' 0E00               	movlw	0
  1786  0010' 6F00'              	movwf	(___lldiv@quotient+3)& (0+255),b
  1787  0012'                    
  1788                           ; BSR set to: 0
  1789  0012' 5100'              	movf	___lldiv@divisor& (0+255),w,b
  1790  0014' 1100'              	iorwf	(___lldiv@divisor+1)& (0+255),w,b
  1791  0016' 1100'              	iorwf	(___lldiv@divisor+2)& (0+255),w,b
  1792  0018' 1100'              	iorwf	(___lldiv@divisor+3)& (0+255),w,b
  1793  001A' B4D8               	btfsc	status,2,c
  1794  001C' EF00' F000'        	goto	u1571
  1795  0020' EF00' F000'        	goto	u1570
  1796  0024'                    u1571:
  1797  0024' EF00' F000'        	goto	l370
  1798  0028'                    u1570:
  1799  0028'                    
  1800                           ; BSR set to: 0
  1801  0028' 0E01               	movlw	1
  1802  002A' 6F00'              	movwf	___lldiv@counter& (0+255),b
  1803  002C' EF00' F000'        	goto	l2324
  1804  0030'                    l2322:
  1805                           
  1806                           ; BSR set to: 0
  1807  0030' 90D8               	bcf	status,0,c
  1808  0032' 3700'              	rlcf	___lldiv@divisor& (0+255),f,b
  1809  0034' 3700'              	rlcf	(___lldiv@divisor+1)& (0+255),f,b
  1810  0036' 3700'              	rlcf	(___lldiv@divisor+2)& (0+255),f,b
  1811  0038' 3700'              	rlcf	(___lldiv@divisor+3)& (0+255),f,b
  1812  003A' 2B00'              	incf	___lldiv@counter& (0+255),f,b
  1813  003C'                    l2324:
  1814                           
  1815                           ; BSR set to: 0
  1816  003C' AF00'              	btfss	(___lldiv@divisor+3)& (0+255),7,b
  1817  003E' EF00' F000'        	goto	u1581
  1818  0042' EF00' F000'        	goto	u1580
  1819  0046'                    u1581:
  1820  0046' EF00' F000'        	goto	l2322
  1821  004A'                    u1580:
  1822  004A'                    l2326:
  1823                           
  1824                           ; BSR set to: 0
  1825  004A' 90D8               	bcf	status,0,c
  1826  004C' 3700'              	rlcf	___lldiv@quotient& (0+255),f,b
  1827  004E' 3700'              	rlcf	(___lldiv@quotient+1)& (0+255),f,b
  1828  0050' 3700'              	rlcf	(___lldiv@quotient+2)& (0+255),f,b
  1829  0052' 3700'              	rlcf	(___lldiv@quotient+3)& (0+255),f,b
  1830  0054'                    
  1831                           ; BSR set to: 0
  1832  0054' 5100'              	movf	___lldiv@divisor& (0+255),w,b
  1833  0056' 5D00'              	subwf	___lldiv@dividend& (0+255),w,b
  1834  0058' 5100'              	movf	(___lldiv@divisor+1)& (0+255),w,b
  1835  005A' 5900'              	subwfb	(___lldiv@dividend+1)& (0+255),w,b
  1836  005C' 5100'              	movf	(___lldiv@divisor+2)& (0+255),w,b
  1837  005E' 5900'              	subwfb	(___lldiv@dividend+2)& (0+255),w,b
  1838  0060' 5100'              	movf	(___lldiv@divisor+3)& (0+255),w,b
  1839  0062' 5900'              	subwfb	(___lldiv@dividend+3)& (0+255),w,b
  1840  0064' A0D8               	btfss	status,0,c
  1841  0066' EF00' F000'        	goto	u1591
  1842  006A' EF00' F000'        	goto	u1590
  1843  006E'                    u1591:
  1844  006E' EF00' F000'        	goto	l2334
  1845  0072'                    u1590:
  1846  0072'                    
  1847                           ; BSR set to: 0
  1848  0072' 5100'              	movf	___lldiv@divisor& (0+255),w,b
  1849  0074' 5F00'              	subwf	___lldiv@dividend& (0+255),f,b
  1850  0076' 5100'              	movf	(___lldiv@divisor+1)& (0+255),w,b
  1851  0078' 5B00'              	subwfb	(___lldiv@dividend+1)& (0+255),f,b
  1852  007A' 5100'              	movf	(___lldiv@divisor+2)& (0+255),w,b
  1853  007C' 5B00'              	subwfb	(___lldiv@dividend+2)& (0+255),f,b
  1854  007E' 5100'              	movf	(___lldiv@divisor+3)& (0+255),w,b
  1855  0080' 5B00'              	subwfb	(___lldiv@dividend+3)& (0+255),f,b
  1856  0082'                    
  1857                           ; BSR set to: 0
  1858  0082' 8100'              	bsf	___lldiv@quotient& (0+255),0,b
  1859  0084'                    l2334:
  1860                           
  1861                           ; BSR set to: 0
  1862  0084' 90D8               	bcf	status,0,c
  1863  0086' 3300'              	rrcf	(___lldiv@divisor+3)& (0+255),f,b
  1864  0088' 3300'              	rrcf	(___lldiv@divisor+2)& (0+255),f,b
  1865  008A' 3300'              	rrcf	(___lldiv@divisor+1)& (0+255),f,b
  1866  008C' 3300'              	rrcf	___lldiv@divisor& (0+255),f,b
  1867  008E'                    
  1868                           ; BSR set to: 0
  1869  008E' 2F00'              	decfsz	___lldiv@counter& (0+255),f,b
  1870  0090' EF00' F000'        	goto	l2326
  1871  0094'                    l370:
  1872                           
  1873                           ; BSR set to: 0
  1874  0094' C014' F00C'        	movff	___lldiv@quotient,?___lldiv
  1875  0098' C015' F00D'        	movff	___lldiv@quotient+1,?___lldiv+1
  1876  009C' C016' F00E'        	movff	___lldiv@quotient+2,?___lldiv+2
  1877  00A0' C017' F00F'        	movff	___lldiv@quotient+3,?___lldiv+3
  1878  00A4'                    
  1879                           ; BSR set to: 0
  1880  00A4' 0012               	return		;funcret
  1881  00A6'                    __end_of___lldiv:
  1882                           	callstack 0
  1883                           
  1884 ;; *************** function ___awdiv *****************
  1885 ;; Defined at:
  1886 ;;		line 7 in file "C:\Program Files\Microchip\xc8\v2.41\pic\sources\c99\common\awdiv.c"
  1887 ;; Parameters:    Size  Location     Type
  1888 ;;  dividend        2    0[BANK0 ] int 
  1889 ;;  divisor         2    2[BANK0 ] int 
  1890 ;; Auto vars:     Size  Location     Type
  1891 ;;  quotient        2    6[BANK0 ] int 
  1892 ;;  sign            1    5[BANK0 ] unsigned char 
  1893 ;;  counter         1    4[BANK0 ] unsigned char 
  1894 ;; Return value:  Size  Location     Type
  1895 ;;                  2    0[BANK0 ] int 
  1896 ;; Registers used:
  1897 ;;		wreg, status,2, status,0
  1898 ;; Tracked objects:
  1899 ;;		On entry : 0/0
  1900 ;;		On exit  : 0/0
  1901 ;;		Unchanged: 0/0
  1902 ;; Data sizes:     COMRAM   BANK0   BANK1   BANK2   BANK3   BANK4   BANK5   BANK6   BANK7
  1903 ;;      Params:         0       4       0       0       0       0       0       0       0
  1904 ;;      Locals:         0       4       0       0       0       0       0       0       0
  1905 ;;      Temps:          0       0       0       0       0       0       0       0       0
  1906 ;;      Totals:         0       8       0       0       0       0       0       0       0
  1907 ;;Total ram usage:        8 bytes
  1908 ;; Hardware stack levels used: 1
  1909 ;; Hardware stack levels required when called: 5
  1910 ;; This function calls:
  1911 ;;		Nothing
  1912 ;; This function is called by:
  1913 ;;		_con_m1_RPM
  1914 ;;		_con_m2_RPM
  1915 ;; This function uses a non-reentrant model
  1916 ;;
  1917                           
  1918                           	psect	text10
  1919  0000'                    __ptext10:
  1920                           	callstack 0
  1921  0000'                    ___awdiv:
  1922                           	callstack 24
  1923  0000' 0E00               	movlw	0
  1924  0002' 0100               	movlb	0	; () banked
  1925  0004' 6F00'              	movwf	___awdiv@sign& (0+255),b
  1926  0006'                    
  1927                           ; BSR set to: 0
  1928  0006' BF00'              	btfsc	(___awdiv@divisor+1)& (0+255),7,b
  1929  0008' EF00' F000'        	goto	u1770
  1930  000C' EF00' F000'        	goto	u1771
  1931  0010'                    u1771:
  1932  0010' EF00' F000'        	goto	l2498
  1933  0014'                    u1770:
  1934  0014'                    
  1935                           ; BSR set to: 0
  1936  0014' 6D00'              	negf	___awdiv@divisor& (0+255),b
  1937  0016' 1F00'              	comf	(___awdiv@divisor+1)& (0+255),f,b
  1938  0018' B0D8               	btfsc	status,0,c
  1939  001A' 2B00'              	incf	(___awdiv@divisor+1)& (0+255),f,b
  1940  001C'                    
  1941                           ; BSR set to: 0
  1942  001C' 0E01               	movlw	1
  1943  001E' 6F00'              	movwf	___awdiv@sign& (0+255),b
  1944  0020'                    l2498:
  1945                           
  1946                           ; BSR set to: 0
  1947  0020' BF00'              	btfsc	(___awdiv@dividend+1)& (0+255),7,b
  1948  0022' EF00' F000'        	goto	u1780
  1949  0026' EF00' F000'        	goto	u1781
  1950  002A'                    u1781:
  1951  002A' EF00' F000'        	goto	l2504
  1952  002E'                    u1780:
  1953  002E'                    
  1954                           ; BSR set to: 0
  1955  002E' 6D00'              	negf	___awdiv@dividend& (0+255),b
  1956  0030' 1F00'              	comf	(___awdiv@dividend+1)& (0+255),f,b
  1957  0032' B0D8               	btfsc	status,0,c
  1958  0034' 2B00'              	incf	(___awdiv@dividend+1)& (0+255),f,b
  1959  0036'                    
  1960                           ; BSR set to: 0
  1961  0036' 0E01               	movlw	1
  1962  0038' 1B00'              	xorwf	___awdiv@sign& (0+255),f,b
  1963  003A'                    l2504:
  1964                           
  1965                           ; BSR set to: 0
  1966  003A' 0E00               	movlw	0
  1967  003C' 6F00'              	movwf	(___awdiv@quotient+1)& (0+255),b
  1968  003E' 0E00               	movlw	0
  1969  0040' 6F00'              	movwf	___awdiv@quotient& (0+255),b
  1970  0042'                    
  1971                           ; BSR set to: 0
  1972  0042' 5100'              	movf	___awdiv@divisor& (0+255),w,b
  1973  0044' 1100'              	iorwf	(___awdiv@divisor+1)& (0+255),w,b
  1974  0046' B4D8               	btfsc	status,2,c
  1975  0048' EF00' F000'        	goto	u1791
  1976  004C' EF00' F000'        	goto	u1790
  1977  0050'                    u1791:
  1978  0050' EF00' F000'        	goto	l2526
  1979  0054'                    u1790:
  1980  0054'                    
  1981                           ; BSR set to: 0
  1982  0054' 0E01               	movlw	1
  1983  0056' 6F00'              	movwf	___awdiv@counter& (0+255),b
  1984  0058' EF00' F000'        	goto	l2512
  1985  005C'                    l2510:
  1986                           
  1987                           ; BSR set to: 0
  1988  005C' 90D8               	bcf	status,0,c
  1989  005E' 3700'              	rlcf	___awdiv@divisor& (0+255),f,b
  1990  0060' 3700'              	rlcf	(___awdiv@divisor+1)& (0+255),f,b
  1991  0062' 2B00'              	incf	___awdiv@counter& (0+255),f,b
  1992  0064'                    l2512:
  1993                           
  1994                           ; BSR set to: 0
  1995  0064' AF00'              	btfss	(___awdiv@divisor+1)& (0+255),7,b
  1996  0066' EF00' F000'        	goto	u1801
  1997  006A' EF00' F000'        	goto	u1800
  1998  006E'                    u1801:
  1999  006E' EF00' F000'        	goto	l2510
  2000  0072'                    u1800:
  2001  0072'                    l2514:
  2002                           
  2003                           ; BSR set to: 0
  2004  0072' 90D8               	bcf	status,0,c
  2005  0074' 3700'              	rlcf	___awdiv@quotient& (0+255),f,b
  2006  0076' 3700'              	rlcf	(___awdiv@quotient+1)& (0+255),f,b
  2007  0078'                    
  2008                           ; BSR set to: 0
  2009  0078' 5100'              	movf	___awdiv@divisor& (0+255),w,b
  2010  007A' 5D00'              	subwf	___awdiv@dividend& (0+255),w,b
  2011  007C' 5100'              	movf	(___awdiv@divisor+1)& (0+255),w,b
  2012  007E' 5900'              	subwfb	(___awdiv@dividend+1)& (0+255),w,b
  2013  0080' A0D8               	btfss	status,0,c
  2014  0082' EF00' F000'        	goto	u1811
  2015  0086' EF00' F000'        	goto	u1810
  2016  008A'                    u1811:
  2017  008A' EF00' F000'        	goto	l2522
  2018  008E'                    u1810:
  2019  008E'                    
  2020                           ; BSR set to: 0
  2021  008E' 5100'              	movf	___awdiv@divisor& (0+255),w,b
  2022  0090' 5F00'              	subwf	___awdiv@dividend& (0+255),f,b
  2023  0092' 5100'              	movf	(___awdiv@divisor+1)& (0+255),w,b
  2024  0094' 5B00'              	subwfb	(___awdiv@dividend+1)& (0+255),f,b
  2025  0096'                    
  2026                           ; BSR set to: 0
  2027  0096' 8100'              	bsf	___awdiv@quotient& (0+255),0,b
  2028  0098'                    l2522:
  2029                           
  2030                           ; BSR set to: 0
  2031  0098' 90D8               	bcf	status,0,c
  2032  009A' 3300'              	rrcf	(___awdiv@divisor+1)& (0+255),f,b
  2033  009C' 3300'              	rrcf	___awdiv@divisor& (0+255),f,b
  2034  009E'                    
  2035                           ; BSR set to: 0
  2036  009E' 2F00'              	decfsz	___awdiv@counter& (0+255),f,b
  2037  00A0' EF00' F000'        	goto	l2514
  2038  00A4'                    l2526:
  2039                           
  2040                           ; BSR set to: 0
  2041  00A4' 5100'              	movf	___awdiv@sign& (0+255),w,b
  2042  00A6' B4D8               	btfsc	status,2,c
  2043  00A8' EF00' F000'        	goto	u1821
  2044  00AC' EF00' F000'        	goto	u1820
  2045  00B0'                    u1821:
  2046  00B0' EF00' F000'        	goto	l2530
  2047  00B4'                    u1820:
  2048  00B4'                    
  2049                           ; BSR set to: 0
  2050  00B4' 6D00'              	negf	___awdiv@quotient& (0+255),b
  2051  00B6' 1F00'              	comf	(___awdiv@quotient+1)& (0+255),f,b
  2052  00B8' B0D8               	btfsc	status,0,c
  2053  00BA' 2B00'              	incf	(___awdiv@quotient+1)& (0+255),f,b
  2054  00BC'                    l2530:
  2055                           
  2056                           ; BSR set to: 0
  2057  00BC' C006' F000'        	movff	___awdiv@quotient,?___awdiv
  2058  00C0' C007' F001'        	movff	___awdiv@quotient+1,?___awdiv+1
  2059  00C4'                    
  2060                           ; BSR set to: 0
  2061  00C4' 0012               	return		;funcret
  2062  00C6'                    __end_of___awdiv:
  2063                           	callstack 0
  2064                           
  2065 ;; *************** function _Initialize *****************
  2066 ;; Defined at:
  2067 ;;		line 110 in file "main.c"
  2068 ;; Parameters:    Size  Location     Type
  2069 ;;		None
  2070 ;; Auto vars:     Size  Location     Type
  2071 ;;		None
  2072 ;; Return value:  Size  Location     Type
  2073 ;;                  1    wreg      void 
  2074 ;; Registers used:
  2075 ;;		wreg, fsr0l, fsr0h, fsr1l, fsr1h, fsr1l, fsr1h, fsr2l, fsr2h, bsr, status,2, status,0, pcl, pclath, pclatu, btemp, b
      +temp+1, btemp+2, btemp+3, btemp+4, btemp+5, btemp+6, btemp+7, btemp+8, btemp+9, btemp+10, btemp+11, btemp+12, btemp+13, 
      +btemp+14, btemp+15, btemp+16, btemp+17, btemp+18, btemp+19, btemp+20, btemp+21, btemp+22, btemp+23, btemp+24, btemp+25, 
      +btemp+26, btemp+27, btemp+28, btemp+29, btemp+30, btemp+31, tosl, structret, tblptrl, tblptrh, tblptru, prodl, prodh, cs
      +tack
  2076 ;; Tracked objects:
  2077 ;;		On entry : 0/0
  2078 ;;		On exit  : 0/0
  2079 ;;		Unchanged: 0/0
  2080 ;; Data sizes:     COMRAM   BANK0   BANK1   BANK2   BANK3   BANK4   BANK5   BANK6   BANK7
  2081 ;;      Params:         0       0       0       0       0       0       0       0       0
  2082 ;;      Locals:         0       0       0       0       0       0       0       0       0
  2083 ;;      Temps:          0       0       0       0       0       0       0       0       0
  2084 ;;      Totals:         0       0       0       0       0       0       0       0       0
  2085 ;;Total ram usage:        0 bytes
  2086 ;; Hardware stack levels used: 1
  2087 ;; Hardware stack levels required when called: 6
  2088 ;; This function calls:
  2089 ;;		_I2C_Slave_Init
  2090 ;;		_RPM_int
  2091 ;;		_Timer0_Init
  2092 ;;		_clock_init
  2093 ;;		_pwm_int
  2094 ;; This function is called by:
  2095 ;;		_main
  2096 ;; This function uses a non-reentrant model
  2097 ;;
  2098                           
  2099                           	psect	text11
  2100  0000'                    __ptext11:
  2101                           	callstack 0
  2102  0000'                    _Initialize:
  2103                           	callstack 24
  2104  0000'                    
  2105                           ;main.c: 113:       ANSELC=0;
  2106  0000' 0E00               	movlw	0
  2107  0002' 010F               	movlb	15	; () banked
  2108  0004' 6F1C               	movwf	28,b	;volatile
  2109                           
  2110                           ;main.c: 114:       ANSELB=0;
  2111  0006' 0E00               	movlw	0
  2112  0008' 6F14               	movwf	20,b	;volatile
  2113                           
  2114                           ;main.c: 115:       ANSELA=0;
  2115  000A' 0E00               	movlw	0
  2116  000C' 6F0C               	movwf	12,b	;volatile
  2117  000E'                    
  2118                           ; BSR set to: 15
  2119                           ;main.c: 120:     clock_init();
  2120  000E' EC00' F000'        	call	_clock_init	;wreg free
  2121  0012'                    
  2122                           ;main.c: 121:     Timer0_Init();
  2123  0012' EC00' F000'        	call	_Timer0_Init	;wreg free
  2124  0016'                    
  2125                           ;main.c: 122:     I2C_Slave_Init(0x13);
  2126  0016' 0E13               	movlw	19
  2127  0018' EC00' F000'        	call	_I2C_Slave_Init
  2128  001C'                    
  2129                           ;main.c: 123:     pwm_int(1000);
  2130  001C' 0E03               	movlw	3
  2131  001E' 0100               	movlb	0	; () banked
  2132  0020' 6F00'              	movwf	(?_pwm_int+1)& (0+255),b
  2133  0022' 0EE8               	movlw	232
  2134  0024' 6F00'              	movwf	?_pwm_int& (0+255),b
  2135  0026' EC00' F000'        	call	_pwm_int	;wreg free
  2136  002A'                    
  2137                           ;main.c: 124:     RPM_int();
  2138  002A' EC00' F000'        	call	_RPM_int	;wreg free
  2139  002E'                    
  2140                           ;main.c: 125:     PEIE = 1;
  2141  002E' 8CF2               	bsf	4082,6,c	;volatile
  2142  0030'                    
  2143                           ;main.c: 126:     GIE = 1;
  2144  0030' 8EF2               	bsf	4082,7,c	;volatile
  2145  0032'                    
  2146                           ;main.c: 127:     IPEN=0;
  2147  0032' 9AF2               	bcf	4082,5,c	;volatile
  2148  0034' 0012               	return		;funcret
  2149  0036'                    __end_of_Initialize:
  2150                           	callstack 0
  2151                           
  2152 ;; *************** function _clock_init *****************
  2153 ;; Defined at:
  2154 ;;		line 158 in file "main.c"
  2155 ;; Parameters:    Size  Location     Type
  2156 ;;		None
  2157 ;; Auto vars:     Size  Location     Type
  2158 ;;		None
  2159 ;; Return value:  Size  Location     Type
  2160 ;;                  1    wreg      void 
  2161 ;; Registers used:
  2162 ;;		wreg, status,2
  2163 ;; Tracked objects:
  2164 ;;		On entry : 0/0
  2165 ;;		On exit  : 0/0
  2166 ;;		Unchanged: 0/0
  2167 ;; Data sizes:     COMRAM   BANK0   BANK1   BANK2   BANK3   BANK4   BANK5   BANK6   BANK7
  2168 ;;      Params:         0       0       0       0       0       0       0       0       0
  2169 ;;      Locals:         0       0       0       0       0       0       0       0       0
  2170 ;;      Temps:          0       0       0       0       0       0       0       0       0
  2171 ;;      Totals:         0       0       0       0       0       0       0       0       0
  2172 ;;Total ram usage:        0 bytes
  2173 ;; Hardware stack levels used: 1
  2174 ;; Hardware stack levels required when called: 5
  2175 ;; This function calls:
  2176 ;;		Nothing
  2177 ;; This function is called by:
  2178 ;;		_Initialize
  2179 ;; This function uses a non-reentrant model
  2180 ;;
  2181                           
  2182                           	psect	text12
  2183  0000'                    __ptext12:
  2184                           	callstack 0
  2185  0000'                    _clock_init:
  2186                           	callstack 24
  2187  0000'                    
  2188                           ;main.c: 160:     OSCCON1=0x60;
  2189  0000' 0E60               	movlw	96
  2190  0002' 010E               	movlb	14	; () banked
  2191  0004' 6FD3               	movwf	211,b	;volatile
  2192                           
  2193                           ;main.c: 161:     OSCFRQbits.HFFRQ=0b0111;
  2194  0006' 51D9               	movf	217,w,b	;volatile
  2195  0008' 0BF0               	andlw	-16
  2196  000A' 0907               	iorlw	7
  2197  000C' 6FD9               	movwf	217,b	;volatile
  2198                           
  2199                           ;main.c: 162:     OSCEN=0x40;
  2200  000E' 0E40               	movlw	64
  2201  0010' 6FD7               	movwf	215,b	;volatile
  2202  0012'                    
  2203                           ; BSR set to: 14
  2204  0012' 0012               	return		;funcret
  2205  0014'                    __end_of_clock_init:
  2206                           	callstack 0
  2207                           
  2208 ;; *************** function _Timer0_Init *****************
  2209 ;; Defined at:
  2210 ;;		line 149 in file "main.c"
  2211 ;; Parameters:    Size  Location     Type
  2212 ;;		None
  2213 ;; Auto vars:     Size  Location     Type
  2214 ;;		None
  2215 ;; Return value:  Size  Location     Type
  2216 ;;                  1    wreg      void 
  2217 ;; Registers used:
  2218 ;;		wreg, status,2
  2219 ;; Tracked objects:
  2220 ;;		On entry : 0/0
  2221 ;;		On exit  : 0/0
  2222 ;;		Unchanged: 0/0
  2223 ;; Data sizes:     COMRAM   BANK0   BANK1   BANK2   BANK3   BANK4   BANK5   BANK6   BANK7
  2224 ;;      Params:         0       0       0       0       0       0       0       0       0
  2225 ;;      Locals:         0       0       0       0       0       0       0       0       0
  2226 ;;      Temps:          0       0       0       0       0       0       0       0       0
  2227 ;;      Totals:         0       0       0       0       0       0       0       0       0
  2228 ;;Total ram usage:        0 bytes
  2229 ;; Hardware stack levels used: 1
  2230 ;; Hardware stack levels required when called: 5
  2231 ;; This function calls:
  2232 ;;		Nothing
  2233 ;; This function is called by:
  2234 ;;		_Initialize
  2235 ;; This function uses a non-reentrant model
  2236 ;;
  2237                           
  2238                           	psect	text13
  2239  0000'                    __ptext13:
  2240                           	callstack 0
  2241  0000'                    _Timer0_Init:
  2242                           	callstack 24
  2243  0000'                    
  2244                           ;main.c: 151:     T0CON0 = 0b10000000;
  2245  0000' 0E80               	movlw	128
  2246  0002' 6ED4               	movwf	212,c	;volatile
  2247                           
  2248                           ;main.c: 152:     T0CON1 = 0b01111010;
  2249  0004' 0E7A               	movlw	122
  2250  0006' 6ED5               	movwf	213,c	;volatile
  2251                           
  2252                           ;main.c: 153:     TMR0H = 131;
  2253  0008' 0E83               	movlw	131
  2254  000A' 6ED3               	movwf	211,c	;volatile
  2255  000C'                    
  2256                           ;main.c: 154:     PIR0bits.TMR0IF = 0;
  2257  000C' 010E               	movlb	14	; () banked
  2258  000E' 9BC5               	bcf	197,5,b	;volatile
  2259  0010'                    
  2260                           ; BSR set to: 14
  2261                           ;main.c: 155:     PIE0bits.TMR0IE = 1;
  2262  0010' 8BBD               	bsf	189,5,b	;volatile
  2263  0012'                    
  2264                           ; BSR set to: 14
  2265  0012' 0012               	return		;funcret
  2266  0014'                    __end_of_Timer0_Init:
  2267                           	callstack 0
  2268                           
  2269 ;; *************** function _I2C_Slave_Init *****************
  2270 ;; Defined at:
  2271 ;;		line 171 in file "main.c"
  2272 ;; Parameters:    Size  Location     Type
  2273 ;;  address         1    wreg     unsigned char 
  2274 ;; Auto vars:     Size  Location     Type
  2275 ;;  address         1    0[COMRAM] unsigned char 
  2276 ;; Return value:  Size  Location     Type
  2277 ;;                  1    wreg      void 
  2278 ;; Registers used:
  2279 ;;		wreg, status,2, status,0
  2280 ;; Tracked objects:
  2281 ;;		On entry : 0/0
  2282 ;;		On exit  : 0/0
  2283 ;;		Unchanged: 0/0
  2284 ;; Data sizes:     COMRAM   BANK0   BANK1   BANK2   BANK3   BANK4   BANK5   BANK6   BANK7
  2285 ;;      Params:         0       0       0       0       0       0       0       0       0
  2286 ;;      Locals:         0       0       0       0       0       0       0       0       0
  2287 ;;      Temps:          0       0       0       0       0       0       0       0       0
  2288 ;;      Totals:         0       0       0       0       0       0       0       0       0
  2289 ;;Total ram usage:        0 bytes
  2290 ;; Hardware stack levels used: 1
  2291 ;; Hardware stack levels required when called: 5
  2292 ;; This function calls:
  2293 ;;		Nothing
  2294 ;; This function is called by:
  2295 ;;		_Initialize
  2296 ;; This function uses a non-reentrant model
  2297 ;;
  2298                           
  2299                           	psect	text14
  2300  0000'                    __ptext14:
  2301                           	callstack 0
  2302  0000'                    _I2C_Slave_Init:
  2303                           	callstack 24
  2304  0000'                    
  2305                           ;main.c: 171: void I2C_Slave_Init(uint8_t address);main.c: 172: {;main.c: 174:   SSP1CON
      +                          1 = 0b00110110;
  2306  0000' 0E36               	movlw	54
  2307  0002' 6E95               	movwf	149,c	;volatile
  2308                           
  2309                           ;main.c: 175:   SSP1CON2 = 0b00010001;
  2310  0004' 0E11               	movlw	17
  2311  0006' 6E96               	movwf	150,c	;volatile
  2312                           
  2313                           ;main.c: 176:   SSP1CON3 = 0b00011111;
  2314  0008' 0E1F               	movlw	31
  2315  000A' 6E97               	movwf	151,c	;volatile
  2316  000C'                    
  2317                           ;main.c: 178:   SSP1STAT=SSP1STAT+1;
  2318  000C' 2894               	incf	148,w,c	;volatile
  2319  000E' 6E94               	movwf	148,c	;volatile
  2320  0010'                    
  2321                           ;main.c: 179:   SSP1STAT=SSP1STAT-1;
  2322  0010' 0494               	decf	148,w,c	;volatile
  2323  0012' 6E94               	movwf	148,c	;volatile
  2324  0014'                    
  2325                           ;main.c: 185:     SSP1CON1bits.SSPEN = 1;
  2326  0014' 8A95               	bsf	149,5,c	;volatile
  2327  0016'                    
  2328                           ;main.c: 189:     SSP1ADD = (uint8_t) (0x13<<1);
  2329  0016' 0E26               	movlw	38
  2330  0018' 6E92               	movwf	146,c	;volatile
  2331  001A'                    
  2332                           ;main.c: 190:     SSP1MSK = 0xFF;
  2333  001A' 6893               	setf	147,c	;volatile
  2334  001C'                    
  2335                           ;main.c: 193:     SSP1DATPPS = 0x14;
  2336  001C' 0E14               	movlw	20
  2337  001E' 010E               	movlb	14	; () banked
  2338  0020' 6FB3               	movwf	179,b	;volatile
  2339  0022'                    
  2340                           ; BSR set to: 14
  2341                           ;main.c: 194:     RC3PPS = 0x0D;
  2342  0022' 0E0D               	movlw	13
  2343  0024' 6FF5               	movwf	245,b	;volatile
  2344  0026'                    
  2345                           ; BSR set to: 14
  2346                           ;main.c: 195:     RC4PPS = 0x0E;
  2347  0026' 0E0E               	movlw	14
  2348  0028' 6FF6               	movwf	246,b	;volatile
  2349  002A'                    
  2350                           ; BSR set to: 14
  2351                           ;main.c: 196:     SSP1CLKPPS = 0x13;
  2352  002A' 0E13               	movlw	19
  2353  002C' 6FB2               	movwf	178,b	;volatile
  2354  002E'                    
  2355                           ; BSR set to: 14
  2356                           ;main.c: 197:     TRISCbits.TRISC4=1;
  2357  002E' 8889               	bsf	137,4,c	;volatile
  2358  0030'                    
  2359                           ; BSR set to: 14
  2360                           ;main.c: 198:     TRISCbits.TRISC3=1;
  2361  0030' 8689               	bsf	137,3,c	;volatile
  2362  0032'                    
  2363                           ; BSR set to: 14
  2364                           ;main.c: 200:     PIR3bits.SSP1IF = 0;
  2365  0032' 91C8               	bcf	200,0,b	;volatile
  2366  0034'                    
  2367                           ; BSR set to: 14
  2368                           ;main.c: 201:     PIE3bits.BCL1IE = 1;
  2369  0034' 83C0               	bsf	192,1,b	;volatile
  2370  0036'                    
  2371                           ; BSR set to: 14
  2372                           ;main.c: 202:     PIE3bits.SSP1IE = 1;
  2373  0036' 81C0               	bsf	192,0,b	;volatile
  2374  0038'                    
  2375                           ; BSR set to: 14
  2376  0038' 0012               	return		;funcret
  2377  003A'                    __end_of_I2C_Slave_Init:
  2378                           	callstack 0
  2379                           
  2380 ;; *************** function _ISR *****************
  2381 ;; Defined at:
  2382 ;;		line 102 in file "main.c"
  2383 ;; Parameters:    Size  Location     Type
  2384 ;;		None
  2385 ;; Auto vars:     Size  Location     Type
  2386 ;;		None
  2387 ;; Return value:  Size  Location     Type
  2388 ;;                  1    wreg      void 
  2389 ;; Registers used:
  2390 ;;		wreg, fsr2l, fsr2h, status,2, status,0, cstack
  2391 ;; Tracked objects:
  2392 ;;		On entry : 0/0
  2393 ;;		On exit  : 0/0
  2394 ;;		Unchanged: 0/0
  2395 ;; Data sizes:     COMRAM   BANK0   BANK1   BANK2   BANK3   BANK4   BANK5   BANK6   BANK7
  2396 ;;      Params:         0       0       0       0       0       0       0       0       0
  2397 ;;      Locals:         0       0       0       0       0       0       0       0       0
  2398 ;;      Temps:          2       0       0       0       0       0       0       0       0
  2399 ;;      Totals:         2       0       0       0       0       0       0       0       0
  2400 ;;Total ram usage:        2 bytes
  2401 ;; Hardware stack levels used: 1
  2402 ;; Hardware stack levels required when called: 4
  2403 ;; This function calls:
  2404 ;;		_I2C_ISR
  2405 ;;		_m1_RPM_ISR
  2406 ;;		_m2_RPM_ISR
  2407 ;;		_perudic_func_ISR
  2408 ;; This function is called by:
  2409 ;;		Interrupt level 2
  2410 ;; This function uses a non-reentrant model
  2411 ;;
  2412                           
  2413                           	psect	intcode
  2414  0000'                    __pintcode:
  2415                           	callstack 0
  2416  0000'                    _ISR:
  2417                           	callstack 23
  2418                           
  2419                           ; BSR set to: 14
  2420                           ;incstack = 0
  2421  0000' 8200'              	bsf	int$flags,1,c	;set compiler interrupt flag (level 2)
  2422  0002' CFD9 F024'         	movff	fsr2l,??_ISR
  2423  0006' CFDA F025'         	movff	fsr2h,??_ISR+1
  2424  000A'                    
  2425                           ;main.c: 104:     perudic_func_ISR();
  2426  000A' EC00' F000'        	call	_perudic_func_ISR	;wreg free
  2427                           
  2428                           ;main.c: 105:     I2C_ISR();
  2429  000E' EC00' F000'        	call	_I2C_ISR	;wreg free
  2430                           
  2431                           ;main.c: 106:     m1_RPM_ISR();
  2432  0012' EC00' F000'        	call	_m1_RPM_ISR	;wreg free
  2433                           
  2434                           ;main.c: 107:     m2_RPM_ISR();
  2435  0016' EC00' F000'        	call	_m2_RPM_ISR	;wreg free
  2436  001A' C025' FFDA         	movff	??_ISR+1,fsr2h
  2437  001E' C024' FFD9         	movff	??_ISR,fsr2l
  2438  0022' 9200'              	bcf	int$flags,1,c	;clear compiler interrupt flag (level 2)
  2439  0024' 0011               	retfie		f
  2440  0026'                    __end_of_ISR:
  2441                           	callstack 0
  2442                           
  2443 ;; *************** function _perudic_func_ISR *****************
  2444 ;; Defined at:
  2445 ;;		line 132 in file "main.c"
  2446 ;; Parameters:    Size  Location     Type
  2447 ;;		None
  2448 ;; Auto vars:     Size  Location     Type
  2449 ;;		None
  2450 ;; Return value:  Size  Location     Type
  2451 ;;                  1    wreg      void 
  2452 ;; Registers used:
  2453 ;;		wreg, fsr2l, fsr2h, status,2, status,0, cstack
  2454 ;; Tracked objects:
  2455 ;;		On entry : 0/0
  2456 ;;		On exit  : 0/0
  2457 ;;		Unchanged: 0/0
  2458 ;; Data sizes:     COMRAM   BANK0   BANK1   BANK2   BANK3   BANK4   BANK5   BANK6   BANK7
  2459 ;;      Params:         0       0       0       0       0       0       0       0       0
  2460 ;;      Locals:         0       0       0       0       0       0       0       0       0
  2461 ;;      Temps:          0       0       0       0       0       0       0       0       0
  2462 ;;      Totals:         0       0       0       0       0       0       0       0       0
  2463 ;;Total ram usage:        0 bytes
  2464 ;; Hardware stack levels used: 1
  2465 ;; Hardware stack levels required when called: 3
  2466 ;; This function calls:
  2467 ;;		i2_con_m1_RPM
  2468 ;; This function is called by:
  2469 ;;		_ISR
  2470 ;; This function uses a non-reentrant model
  2471 ;;
  2472                           
  2473                           	psect	text16
  2474  0000'                    __ptext16:
  2475                           	callstack 0
  2476  0000'                    _perudic_func_ISR:
  2477                           	callstack 23
  2478  0000'                    
  2479                           ;main.c: 134:    if(PIR0bits.TMR0IF)
  2480  0000' 010E               	movlb	14	; () banked
  2481  0002' ABC5               	btfss	197,5,b	;volatile
  2482  0004' EF00' F000'        	goto	i2u136_41
  2483  0008' EF00' F000'        	goto	i2u136_40
  2484  000C'                    i2u136_41:
  2485  000C' EF00' F000'        	goto	i2l234
  2486  0010'                    i2u136_40:
  2487  0010'                    
  2488                           ; BSR set to: 14
  2489                           ;main.c: 135:     {;main.c: 137:         PIR0bits.TMR0IF = 0;
  2490  0010' 9BC5               	bcf	197,5,b	;volatile
  2491  0012'                    
  2492                           ; BSR set to: 14
  2493                           ;main.c: 138:         con_m1_RPM(receved_esp32[0]);
  2494  0012' 0100               	movlb	0	; () banked
  2495  0014' 5100'              	movf	_receved_esp32& (0+255),w,b
  2496  0016' EC00' F000'        	call	i2_con_m1_RPM
  2497  001A'                    
  2498                           ;main.c: 139:         LATBbits.LATB4=1;
  2499  001A' 8883               	bsf	131,4,c	;volatile
  2500  001C'                    i2l234:
  2501  001C' 0012               	return		;funcret
  2502  001E'                    __end_of_perudic_func_ISR:
  2503                           	callstack 0
  2504                           
  2505 ;; *************** function i2_con_m1_RPM *****************
  2506 ;; Defined at:
  2507 ;;		line 388 in file "main.c"
  2508 ;; Parameters:    Size  Location     Type
  2509 ;;  de_rpm          1    wreg     unsigned char 
  2510 ;; Auto vars:     Size  Location     Type
  2511 ;;  de_rpm          1   33[COMRAM] unsigned char 
  2512 ;;  new_duty        2   34[COMRAM] short 
  2513 ;;  rpm_er          2   31[COMRAM] short 
  2514 ;; Return value:  Size  Location     Type
  2515 ;;                  1    wreg      void 
  2516 ;; Registers used:
  2517 ;;		wreg, fsr2l, fsr2h, status,2, status,0, cstack
  2518 ;; Tracked objects:
  2519 ;;		On entry : 0/0
  2520 ;;		On exit  : 0/0
  2521 ;;		Unchanged: 0/0
  2522 ;; Data sizes:     COMRAM   BANK0   BANK1   BANK2   BANK3   BANK4   BANK5   BANK6   BANK7
  2523 ;;      Params:         0       0       0       0       0       0       0       0       0
  2524 ;;      Locals:         5       0       0       0       0       0       0       0       0
  2525 ;;      Temps:          0       0       0       0       0       0       0       0       0
  2526 ;;      Totals:         5       0       0       0       0       0       0       0       0
  2527 ;;Total ram usage:        5 bytes
  2528 ;; Hardware stack levels used: 1
  2529 ;; Hardware stack levels required when called: 2
  2530 ;; This function calls:
  2531 ;;		i2___awdiv
  2532 ;;		i2_m1_set_duty
  2533 ;;		i2_m1_update_rpm
  2534 ;; This function is called by:
  2535 ;;		_perudic_func_ISR
  2536 ;; This function uses a non-reentrant model
  2537 ;;
  2538                           
  2539                           	psect	text17
  2540  0000'                    __ptext17:
  2541                           	callstack 0
  2542  0000'                    i2_con_m1_RPM:
  2543                           	callstack 23
  2544                           
  2545                           ;incstack = 0
  2546                           ;i2con_m1_RPM@de_rpm stored from wreg
  2547  0000' 6E00'              	movwf	i2con_m1_RPM@de_rpm^0,c
  2548  0002'                    
  2549                           ;main.c: 388: void con_m1_RPM(uint8_t de_rpm);main.c: 389: {;main.c: 390:     m1_update_
      +                          rpm();
  2550  0002' EC00' F000'        	call	i2_m1_update_rpm	;wreg free
  2551  0006'                    
  2552                           ;main.c: 392:     if (de_rpm == 0) m1_set_duty(0);
  2553  0006' 5000'              	movf	i2con_m1_RPM@de_rpm^0,w,c
  2554  0008' A4D8               	btfss	status,2,c
  2555  000A' EF00' F000'        	goto	i2u127_41
  2556  000E' EF00' F000'        	goto	i2u127_40
  2557  0012'                    i2u127_41:
  2558  0012' EF00' F000'        	goto	i2l2072
  2559  0016'                    i2u127_40:
  2560  0016' 0E00               	movlw	0
  2561  0018' 6E00'              	movwf	(i2m1_set_duty@duty_rw+1)^0,c
  2562  001A' 0E00               	movlw	0
  2563  001C' 6E00'              	movwf	i2m1_set_duty@duty_rw^0,c
  2564  001E' EC00' F000'        	call	i2_m1_set_duty	;wreg free
  2565  0022' EF00' F000'        	goto	i2l299
  2566  0026'                    i2l2072:
  2567                           
  2568                           ;main.c: 394:     {;main.c: 395:         int16_t rpm_er = (int16_t)de_rpm - (int16_t)m1_
      +                          avg_rpm;
  2569  0026' 0100               	movlb	0	; () banked
  2570  0028' 5100'              	movf	_m1_avg_rpm& (0+255),w,b	;volatile
  2571  002A' 5C00'              	subwf	i2con_m1_RPM@de_rpm^0,w,c
  2572  002C' 6E00'              	movwf	i2con_m1_RPM@rpm_er^0,c
  2573  002E' 5100'              	movf	(_m1_avg_rpm+1)& (0+255),w,b	;volatile
  2574  0030' A0D8               	btfss	status,0,c
  2575  0032' 2900'              	incf	(_m1_avg_rpm+1)& (0+255),w,b	;volatile
  2576  0034' 6A00'              	clrf	(i2con_m1_RPM@rpm_er+1)^0,c
  2577  0036' 5E00'              	subwf	(i2con_m1_RPM@rpm_er+1)^0,f,c
  2578  0038'                    
  2579                           ; BSR set to: 0
  2580                           ;main.c: 396:         int16_t new_duty = (int16_t)m1_duty + (rpm_er/12);
  2581  0038' C01F' F000'        	movff	i2con_m1_RPM@rpm_er,i2___awdiv@dividend
  2582  003C' C020' F001'        	movff	i2con_m1_RPM@rpm_er+1,i2___awdiv@dividend+1
  2583  0040' 0E00               	movlw	0
  2584  0042' 6E00'              	movwf	(i2___awdiv@divisor+1)^0,c
  2585  0044' 0E0C               	movlw	12
  2586  0046' 6E00'              	movwf	i2___awdiv@divisor^0,c
  2587  0048' EC00' F000'        	call	i2___awdiv	;wreg free
  2588  004C' 0100               	movlb	0	; () banked
  2589  004E' 5100'              	movf	_m1_duty& (0+255),w,b	;volatile
  2590  0050' 2400'              	addwf	?i2___awdiv^0,w,c
  2591  0052' 6E00'              	movwf	i2con_m1_RPM@new_duty^0,c
  2592  0054' 0E00               	movlw	0
  2593  0056' 2000'              	addwfc	(?i2___awdiv+1)^0,w,c
  2594  0058' 6E00'              	movwf	(i2con_m1_RPM@new_duty+1)^0,c
  2595  005A'                    
  2596                           ; BSR set to: 0
  2597                           ;main.c: 398:         if (new_duty < 0) m1_duty = 0;
  2598  005A' BE00'              	btfsc	(i2con_m1_RPM@new_duty+1)^0,7,c
  2599  005C' EF00' F000'        	goto	i2u128_40
  2600  0060' EF00' F000'        	goto	i2u128_41
  2601  0064'                    i2u128_41:
  2602  0064' EF00' F000'        	goto	i2l2080
  2603  0068'                    i2u128_40:
  2604  0068'                    
  2605                           ; BSR set to: 0
  2606  0068' 0E00               	movlw	0
  2607  006A' 6F00'              	movwf	_m1_duty& (0+255),b	;volatile
  2608  006C' EF00' F000'        	goto	i2l2084
  2609  0070'                    i2l2080:
  2610                           
  2611                           ; BSR set to: 0
  2612  0070' BE00'              	btfsc	(i2con_m1_RPM@new_duty+1)^0,7,c
  2613  0072' EF00' F000'        	goto	i2u129_41
  2614  0076' 5000'              	movf	(i2con_m1_RPM@new_duty+1)^0,w,c
  2615  0078' E109               	bnz	i2u129_40
  2616  007A' 0E64               	movlw	100
  2617  007C' 5C00'              	subwf	i2con_m1_RPM@new_duty^0,w,c
  2618  007E' A0D8               	btfss	status,0,c
  2619  0080' EF00' F000'        	goto	i2u129_41
  2620  0084' EF00' F000'        	goto	i2u129_40
  2621  0088'                    i2u129_41:
  2622  0088' EF00' F000'        	goto	i2l297
  2623  008C'                    i2u129_40:
  2624  008C'                    
  2625                           ; BSR set to: 0
  2626  008C' 0E63               	movlw	99
  2627  008E' 6F00'              	movwf	_m1_duty& (0+255),b	;volatile
  2628  0090' EF00' F000'        	goto	i2l2084
  2629  0094'                    i2l297:
  2630                           
  2631                           ; BSR set to: 0
  2632  0094' C022' F00A'        	movff	i2con_m1_RPM@new_duty,_m1_duty	;volatile
  2633  0098'                    i2l2084:
  2634                           
  2635                           ; BSR set to: 0
  2636                           ;main.c: 402:         m1_set_duty(m1_duty);
  2637  0098' C00A' F019'        	movff	_m1_duty,i2m1_set_duty@duty_rw	;volatile
  2638  009C' 6A00'              	clrf	(i2m1_set_duty@duty_rw+1)^0,c
  2639  009E' EC00' F000'        	call	i2_m1_set_duty	;wreg free
  2640  00A2'                    
  2641                           ;main.c: 403:         m1_outDate3=1;
  2642  00A2' 0E01               	movlw	1
  2643  00A4' 6E00'              	movwf	_m1_outDate3^0,c	;volatile
  2644  00A6'                    i2l299:
  2645  00A6' 0012               	return		;funcret
  2646  00A8'                    __end_ofi2_con_m1_RPM:
  2647                           	callstack 0
  2648                           
  2649 ;; *************** function i2_m1_update_rpm *****************
  2650 ;; Defined at:
  2651 ;;		line 367 in file "main.c"
  2652 ;; Parameters:    Size  Location     Type
  2653 ;;		None
  2654 ;; Auto vars:     Size  Location     Type
  2655 ;;  sum             2    8[COMRAM] unsigned short 
  2656 ;;  j               1   11[COMRAM] unsigned char 
  2657 ;;  j               1   10[COMRAM] unsigned char 
  2658 ;; Return value:  Size  Location     Type
  2659 ;;                  1    wreg      void 
  2660 ;; Registers used:
  2661 ;;		wreg, fsr2l, fsr2h, status,2, status,0, cstack
  2662 ;; Tracked objects:
  2663 ;;		On entry : 0/0
  2664 ;;		On exit  : 0/0
  2665 ;;		Unchanged: 0/0
  2666 ;; Data sizes:     COMRAM   BANK0   BANK1   BANK2   BANK3   BANK4   BANK5   BANK6   BANK7
  2667 ;;      Params:         0       0       0       0       0       0       0       0       0
  2668 ;;      Locals:         4       0       0       0       0       0       0       0       0
  2669 ;;      Temps:          1       0       0       0       0       0       0       0       0
  2670 ;;      Totals:         5       0       0       0       0       0       0       0       0
  2671 ;;Total ram usage:        5 bytes
  2672 ;; Hardware stack levels used: 1
  2673 ;; Hardware stack levels required when called: 1
  2674 ;; This function calls:
  2675 ;;		i2___lwdiv
  2676 ;; This function is called by:
  2677 ;;		i2_con_m1_RPM
  2678 ;; This function uses a non-reentrant model
  2679 ;;
  2680                           
  2681                           	psect	text18
  2682  0000'                    __ptext18:
  2683                           	callstack 0
  2684  0000'                    i2_m1_update_rpm:
  2685                           	callstack 23
  2686  0000'                    
  2687                           ;main.c: 369:     if(!m1_outDate)
  2688  0000' 5000'              	movf	_m1_outDate^0,w,c	;volatile
  2689  0002' A4D8               	btfss	status,2,c
  2690  0004' EF00' F000'        	goto	i2u97_41
  2691  0008' EF00' F000'        	goto	i2u97_40
  2692  000C'                    i2u97_41:
  2693  000C' EF00' F000'        	goto	i2l1830
  2694  0010'                    i2u97_40:
  2695  0010'                    
  2696                           ;main.c: 370:     {;main.c: 371:         uint16_t sum = 0;
  2697  0010' 0E00               	movlw	0
  2698  0012' 6E00'              	movwf	(i2m1_update_rpm@sum+1)^0,c
  2699  0014' 0E00               	movlw	0
  2700  0016' 6E00'              	movwf	i2m1_update_rpm@sum^0,c
  2701                           
  2702                           ;main.c: 372:         for (uint8_t j = 0; j <= 4; j++) sum += m1_rpm[j];
  2703  0018' 0E00               	movlw	0
  2704  001A' 6E00'              	movwf	i2m1_update_rpm@j^0,c
  2705  001C'                    i2l1820:
  2706  001C' 0E00'              	movlw	low _m1_rpm
  2707  001E' 2400'              	addwf	i2m1_update_rpm@j^0,w,c
  2708  0020' 6ED9               	movwf	fsr2l,c
  2709  0022' 6ADA               	clrf	fsr2h,c
  2710  0024' 0E00'              	movlw	high _m1_rpm
  2711  0026' 22DA               	addwfc	fsr2h,f,c
  2712  0028' 50DF               	movf	indf2,w,c
  2713  002A' 6E00'              	movwf	??i2_m1_update_rpm^0,c
  2714  002C' 5000'              	movf	??i2_m1_update_rpm^0,w,c
  2715  002E' 2600'              	addwf	i2m1_update_rpm@sum^0,f,c
  2716  0030' 0E00               	movlw	0
  2717  0032' 2200'              	addwfc	(i2m1_update_rpm@sum+1)^0,f,c
  2718  0034' 2A00'              	incf	i2m1_update_rpm@j^0,f,c
  2719  0036' 0E04               	movlw	4
  2720  0038' 6400'              	cpfsgt	i2m1_update_rpm@j^0,c
  2721  003A' EF00' F000'        	goto	i2u98_41
  2722  003E' EF00' F000'        	goto	i2u98_40
  2723  0042'                    i2u98_41:
  2724  0042' EF00' F000'        	goto	i2l1820
  2725  0046'                    i2u98_40:
  2726  0046'                    
  2727                           ;main.c: 373:         m1_avg_rpm = sum / 5;
  2728  0046' C008' F000'        	movff	i2m1_update_rpm@sum,i2___lwdiv@dividend
  2729  004A' C009' F001'        	movff	i2m1_update_rpm@sum+1,i2___lwdiv@dividend+1
  2730  004E' 0E00               	movlw	0
  2731  0050' 6E00'              	movwf	(i2___lwdiv@divisor+1)^0,c
  2732  0052' 0E05               	movlw	5
  2733  0054' 6E00'              	movwf	i2___lwdiv@divisor^0,c
  2734  0056' EC00' F000'        	call	i2___lwdiv	;wreg free
  2735  005A' C000' F006'        	movff	?i2___lwdiv,_m1_avg_rpm	;volatile
  2736  005E' C001' F007'        	movff	?i2___lwdiv+1,_m1_avg_rpm+1	;volatile
  2737  0062'                    
  2738                           ;main.c: 374:         m1_outDate=1;
  2739  0062' 0E01               	movlw	1
  2740  0064' 6E00'              	movwf	_m1_outDate^0,c	;volatile
  2741                           
  2742                           ;main.c: 375:     }
  2743  0066' EF00' F000'        	goto	i2l290
  2744  006A'                    i2l1830:
  2745                           
  2746                           ;main.c: 377:     {;main.c: 378:         if(m1_time_out==0)
  2747  006A' 5000'              	movf	_m1_time_out^0,w,c	;volatile
  2748  006C' A4D8               	btfss	status,2,c
  2749  006E' EF00' F000'        	goto	i2u99_41
  2750  0072' EF00' F000'        	goto	i2u99_40
  2751  0076'                    i2u99_41:
  2752  0076' EF00' F000'        	goto	i2l1846
  2753  007A'                    i2u99_40:
  2754  007A'                    
  2755                           ;main.c: 379:         {;main.c: 380:             for (uint8_t j = 0; j <= 4; j++) m1_rpm
      +                          [j]=0;
  2756  007A' 0E00               	movlw	0
  2757  007C' 6E00'              	movwf	i2m1_update_rpm@j_1351^0,c
  2758  007E'                    i2l1838:
  2759  007E' 0E00'              	movlw	low _m1_rpm
  2760  0080' 2400'              	addwf	i2m1_update_rpm@j_1351^0,w,c
  2761  0082' 6ED9               	movwf	fsr2l,c
  2762  0084' 6ADA               	clrf	fsr2h,c
  2763  0086' 0E00'              	movlw	high _m1_rpm
  2764  0088' 22DA               	addwfc	fsr2h,f,c
  2765  008A' 6ADF               	clrf	indf2,c
  2766  008C' 2A00'              	incf	i2m1_update_rpm@j_1351^0,f,c
  2767  008E' 0E04               	movlw	4
  2768  0090' 6400'              	cpfsgt	i2m1_update_rpm@j_1351^0,c
  2769  0092' EF00' F000'        	goto	i2u100_41
  2770  0096' EF00' F000'        	goto	i2u100_40
  2771  009A'                    i2u100_41:
  2772  009A' EF00' F000'        	goto	i2l1838
  2773  009E'                    i2u100_40:
  2774  009E'                    
  2775                           ;main.c: 381:             m1_avg_rpm=0;
  2776  009E' 0E00               	movlw	0
  2777  00A0' 0100               	movlb	0	; () banked
  2778  00A2' 6F00'              	movwf	(_m1_avg_rpm+1)& (0+255),b	;volatile
  2779  00A4' 0E00               	movlw	0
  2780  00A6' 6F00'              	movwf	_m1_avg_rpm& (0+255),b	;volatile
  2781                           
  2782                           ;main.c: 382:         }
  2783  00A8' EF00' F000'        	goto	i2l290
  2784  00AC'                    i2l1846:
  2785  00AC' 0600'              	decf	_m1_time_out^0,f,c	;volatile
  2786  00AE'                    i2l290:
  2787  00AE' 0012               	return		;funcret
  2788  00B0'                    __end_ofi2_m1_update_rpm:
  2789                           	callstack 0
  2790                           
  2791 ;; *************** function i2___lwdiv *****************
  2792 ;; Defined at:
  2793 ;;		line 7 in file "C:\Program Files\Microchip\xc8\v2.41\pic\sources\c99\common\lwdiv.c"
  2794 ;; Parameters:    Size  Location     Type
  2795 ;;  dividend        2    0[COMRAM] unsigned int 
  2796 ;;  divisor         2    2[COMRAM] unsigned int 
  2797 ;; Auto vars:     Size  Location     Type
  2798 ;;  quotient        2    4[COMRAM] unsigned int 
  2799 ;;  counter         1    6[COMRAM] unsigned char 
  2800 ;; Return value:  Size  Location     Type
  2801 ;;                  2    0[COMRAM] unsigned int 
  2802 ;; Registers used:
  2803 ;;		wreg, status,2, status,0
  2804 ;; Tracked objects:
  2805 ;;		On entry : 0/0
  2806 ;;		On exit  : 0/0
  2807 ;;		Unchanged: 0/0
  2808 ;; Data sizes:     COMRAM   BANK0   BANK1   BANK2   BANK3   BANK4   BANK5   BANK6   BANK7
  2809 ;;      Params:         4       0       0       0       0       0       0       0       0
  2810 ;;      Locals:         3       0       0       0       0       0       0       0       0
  2811 ;;      Temps:          0       0       0       0       0       0       0       0       0
  2812 ;;      Totals:         7       0       0       0       0       0       0       0       0
  2813 ;;Total ram usage:        7 bytes
  2814 ;; Hardware stack levels used: 1
  2815 ;; This function calls:
  2816 ;;		Nothing
  2817 ;; This function is called by:
  2818 ;;		i2_m1_update_rpm
  2819 ;; This function uses a non-reentrant model
  2820 ;;
  2821                           
  2822                           	psect	text19
  2823  0000'                    __ptext19:
  2824                           	callstack 0
  2825  0000'                    i2___lwdiv:
  2826                           	callstack 23
  2827  0000' 0E00               	movlw	0
  2828  0002' 6E00'              	movwf	(i2___lwdiv@quotient+1)^0,c
  2829  0004' 0E00               	movlw	0
  2830  0006' 6E00'              	movwf	i2___lwdiv@quotient^0,c
  2831  0008' 5000'              	movf	i2___lwdiv@divisor^0,w,c
  2832  000A' 1000'              	iorwf	(i2___lwdiv@divisor+1)^0,w,c
  2833  000C' B4D8               	btfsc	status,2,c
  2834  000E' EF00' F000'        	goto	i2u83_41
  2835  0012' EF00' F000'        	goto	i2u83_40
  2836  0016'                    i2u83_41:
  2837  0016' EF00' F000'        	goto	i2l834
  2838  001A'                    i2u83_40:
  2839  001A' 0E01               	movlw	1
  2840  001C' 6E00'              	movwf	i2___lwdiv@counter^0,c
  2841  001E' EF00' F000'        	goto	i2l1734
  2842  0022'                    i2l1732:
  2843  0022' 90D8               	bcf	status,0,c
  2844  0024' 3600'              	rlcf	i2___lwdiv@divisor^0,f,c
  2845  0026' 3600'              	rlcf	(i2___lwdiv@divisor+1)^0,f,c
  2846  0028' 2A00'              	incf	i2___lwdiv@counter^0,f,c
  2847  002A'                    i2l1734:
  2848  002A' AE00'              	btfss	(i2___lwdiv@divisor+1)^0,7,c
  2849  002C' EF00' F000'        	goto	i2u84_41
  2850  0030' EF00' F000'        	goto	i2u84_40
  2851  0034'                    i2u84_41:
  2852  0034' EF00' F000'        	goto	i2l1732
  2853  0038'                    i2u84_40:
  2854  0038'                    i2l1736:
  2855  0038' 90D8               	bcf	status,0,c
  2856  003A' 3600'              	rlcf	i2___lwdiv@quotient^0,f,c
  2857  003C' 3600'              	rlcf	(i2___lwdiv@quotient+1)^0,f,c
  2858  003E' 5000'              	movf	i2___lwdiv@divisor^0,w,c
  2859  0040' 5C00'              	subwf	i2___lwdiv@dividend^0,w,c
  2860  0042' 5000'              	movf	(i2___lwdiv@divisor+1)^0,w,c
  2861  0044' 5800'              	subwfb	(i2___lwdiv@dividend+1)^0,w,c
  2862  0046' A0D8               	btfss	status,0,c
  2863  0048' EF00' F000'        	goto	i2u85_41
  2864  004C' EF00' F000'        	goto	i2u85_40
  2865  0050'                    i2u85_41:
  2866  0050' EF00' F000'        	goto	i2l1744
  2867  0054'                    i2u85_40:
  2868  0054' 5000'              	movf	i2___lwdiv@divisor^0,w,c
  2869  0056' 5E00'              	subwf	i2___lwdiv@dividend^0,f,c
  2870  0058' 5000'              	movf	(i2___lwdiv@divisor+1)^0,w,c
  2871  005A' 5A00'              	subwfb	(i2___lwdiv@dividend+1)^0,f,c
  2872  005C' 8000'              	bsf	i2___lwdiv@quotient^0,0,c
  2873  005E'                    i2l1744:
  2874  005E' 90D8               	bcf	status,0,c
  2875  0060' 3200'              	rrcf	(i2___lwdiv@divisor+1)^0,f,c
  2876  0062' 3200'              	rrcf	i2___lwdiv@divisor^0,f,c
  2877  0064' 2E00'              	decfsz	i2___lwdiv@counter^0,f,c
  2878  0066' EF00' F000'        	goto	i2l1736
  2879  006A'                    i2l834:
  2880  006A' C004' F000'        	movff	i2___lwdiv@quotient,?i2___lwdiv
  2881  006E' C005' F001'        	movff	i2___lwdiv@quotient+1,?i2___lwdiv+1
  2882  0072' 0012               	return		;funcret
  2883  0074'                    __end_ofi2___lwdiv:
  2884                           	callstack 0
  2885                           
  2886 ;; *************** function i2_m1_set_duty *****************
  2887 ;; Defined at:
  2888 ;;		line 302 in file "main.c"
  2889 ;; Parameters:    Size  Location     Type
  2890 ;;  duty_rw         2   25[COMRAM] unsigned short 
  2891 ;; Auto vars:     Size  Location     Type
  2892 ;;		None
  2893 ;; Return value:  Size  Location     Type
  2894 ;;                  1    wreg      void 
  2895 ;; Registers used:
  2896 ;;		wreg, status,2, status,0, cstack
  2897 ;; Tracked objects:
  2898 ;;		On entry : 0/0
  2899 ;;		On exit  : 0/0
  2900 ;;		Unchanged: 0/0
  2901 ;; Data sizes:     COMRAM   BANK0   BANK1   BANK2   BANK3   BANK4   BANK5   BANK6   BANK7
  2902 ;;      Params:         2       0       0       0       0       0       0       0       0
  2903 ;;      Locals:         0       0       0       0       0       0       0       0       0
  2904 ;;      Temps:          4       0       0       0       0       0       0       0       0
  2905 ;;      Totals:         6       0       0       0       0       0       0       0       0
  2906 ;;Total ram usage:        6 bytes
  2907 ;; Hardware stack levels used: 1
  2908 ;; Hardware stack levels required when called: 1
  2909 ;; This function calls:
  2910 ;;		i2___lldiv
  2911 ;;		i2___lmul
  2912 ;; This function is called by:
  2913 ;;		i2_con_m1_RPM
  2914 ;; This function uses a non-reentrant model
  2915 ;;
  2916                           
  2917                           	psect	text20
  2918  0000'                    __ptext20:
  2919                           	callstack 0
  2920  0000'                    i2_m1_set_duty:
  2921                           	callstack 23
  2922  0000'                    
  2923                           ;main.c: 302: void m1_set_duty(uint16_t duty_rw);main.c: 303: {;main.c: 304:     duty_rw
      +                           = (uint16_t)(((uint32_t)duty_rw *4*T2PR) / 100);
  2924  0000' 5000'              	movf	i2m1_set_duty@duty_rw^0,w,c
  2925  0002' 6E00'              	movwf	??i2_m1_set_duty^0,c
  2926  0004' 5000'              	movf	(i2m1_set_duty@duty_rw+1)^0,w,c
  2927  0006' 6E00'              	movwf	(??i2_m1_set_duty+1)^0,c
  2928  0008' 6A00'              	clrf	(??i2_m1_set_duty+2)^0,c
  2929  000A' 6A00'              	clrf	(??i2_m1_set_duty+3)^0,c
  2930  000C' 0E02               	movlw	2
  2931  000E'                    i2u94_45:
  2932  000E' 90D8               	bcf	status,0,c
  2933  0010' 3600'              	rlcf	??i2_m1_set_duty^0,f,c
  2934  0012' 3600'              	rlcf	(??i2_m1_set_duty+1)^0,f,c
  2935  0014' 3600'              	rlcf	(??i2_m1_set_duty+2)^0,f,c
  2936  0016' 3600'              	rlcf	(??i2_m1_set_duty+3)^0,f,c
  2937  0018' 2EE8               	decfsz	wreg,f,c
  2938  001A' EF00' F000'        	goto	i2u94_45
  2939  001E' C01B' F000'        	movff	??i2_m1_set_duty,i2___lmul@multiplier
  2940  0022' C01C' F001'        	movff	??i2_m1_set_duty+1,i2___lmul@multiplier+1
  2941  0026' C01D' F002'        	movff	??i2_m1_set_duty+2,i2___lmul@multiplier+2
  2942  002A' C01E' F003'        	movff	??i2_m1_set_duty+3,i2___lmul@multiplier+3
  2943  002E' 50BB               	movf	187,w,c	;volatile
  2944  0030' 6E00'              	movwf	i2___lmul@multiplicand^0,c
  2945  0032' 6A00'              	clrf	(i2___lmul@multiplicand+1)^0,c
  2946  0034' 6A00'              	clrf	(i2___lmul@multiplicand+2)^0,c
  2947  0036' 6A00'              	clrf	(i2___lmul@multiplicand+3)^0,c
  2948  0038' EC00' F000'        	call	i2___lmul	;wreg free
  2949  003C' C000' F00C'        	movff	?i2___lmul,i2___lldiv@dividend
  2950  0040' C001' F00D'        	movff	?i2___lmul+1,i2___lldiv@dividend+1
  2951  0044' C002' F00E'        	movff	?i2___lmul+2,i2___lldiv@dividend+2
  2952  0048' C003' F00F'        	movff	?i2___lmul+3,i2___lldiv@dividend+3
  2953  004C' 0E64               	movlw	100
  2954  004E' 6E00'              	movwf	i2___lldiv@divisor^0,c
  2955  0050' 0E00               	movlw	0
  2956  0052' 6E00'              	movwf	(i2___lldiv@divisor+1)^0,c
  2957  0054' 0E00               	movlw	0
  2958  0056' 6E00'              	movwf	(i2___lldiv@divisor+2)^0,c
  2959  0058' 0E00               	movlw	0
  2960  005A' 6E00'              	movwf	(i2___lldiv@divisor+3)^0,c
  2961  005C' EC00' F000'        	call	i2___lldiv	;wreg free
  2962  0060' C00C' F019'        	movff	?i2___lldiv,i2m1_set_duty@duty_rw
  2963  0064' C00D' F01A'        	movff	?i2___lldiv+1,i2m1_set_duty@duty_rw+1
  2964  0068'                    
  2965                           ;main.c: 305:     if(duty_rw>1023) { duty_rw=1020; }
  2966  0068' 0E04               	movlw	4
  2967  006A' 5C00'              	subwf	(i2m1_set_duty@duty_rw+1)^0,w,c
  2968  006C' A0D8               	btfss	status,0,c
  2969  006E' EF00' F000'        	goto	i2u95_41
  2970  0072' EF00' F000'        	goto	i2u95_40
  2971  0076'                    i2u95_41:
  2972  0076' EF00' F000'        	goto	i2l1808
  2973  007A'                    i2u95_40:
  2974  007A' 0E03               	movlw	3
  2975  007C' 6E00'              	movwf	(i2m1_set_duty@duty_rw+1)^0,c
  2976  007E' 0EFC               	movlw	252
  2977  0080' 6E00'              	movwf	i2m1_set_duty@duty_rw^0,c
  2978  0082'                    i2l1808:
  2979                           
  2980                           ;main.c: 306:     PWM3DCH = (uint8_t)(duty_rw >>2);
  2981  0082' C019' F01B'        	movff	i2m1_set_duty@duty_rw,??i2_m1_set_duty
  2982  0086' C01A' F01C'        	movff	i2m1_set_duty@duty_rw+1,??i2_m1_set_duty+1
  2983  008A' 90D8               	bcf	status,0,c
  2984  008C' 3200'              	rrcf	(??i2_m1_set_duty+1)^0,f,c
  2985  008E' 3200'              	rrcf	??i2_m1_set_duty^0,f,c
  2986  0090' 90D8               	bcf	status,0,c
  2987  0092' 3200'              	rrcf	(??i2_m1_set_duty+1)^0,f,c
  2988  0094' 3200'              	rrcf	??i2_m1_set_duty^0,f,c
  2989  0096' 5000'              	movf	??i2_m1_set_duty^0,w,c
  2990  0098' 6EA3               	movwf	163,c	;volatile
  2991  009A'                    
  2992                           ;main.c: 307:     PWM3DCL = (uint8_t)((PWM3DCL & 0x3F) | ((duty_rw & 0x03) << 6));
  2993  009A' C019' F01B'        	movff	i2m1_set_duty@duty_rw,??i2_m1_set_duty
  2994  009E' 0E03               	movlw	3
  2995  00A0' 1600'              	andwf	??i2_m1_set_duty^0,f,c
  2996  00A2' 0E06               	movlw	6
  2997  00A4' 6E00'              	movwf	(??i2_m1_set_duty+1)^0,c
  2998  00A6'                    i2u96_45:
  2999  00A6' 90D8               	bcf	status,0,c
  3000  00A8' 3600'              	rlcf	??i2_m1_set_duty^0,f,c
  3001  00AA' 2E00'              	decfsz	(??i2_m1_set_duty+1)^0,f,c
  3002  00AC' EF00' F000'        	goto	i2u96_45
  3003  00B0' 50A2               	movf	162,w,c	;volatile
  3004  00B2' 0B3F               	andlw	63
  3005  00B4' 1000'              	iorwf	??i2_m1_set_duty^0,w,c
  3006  00B6' 6EA2               	movwf	162,c	;volatile
  3007  00B8' 0012               	return		;funcret
  3008  00BA'                    __end_ofi2_m1_set_duty:
  3009                           	callstack 0
  3010                           
  3011 ;; *************** function i2___lmul *****************
  3012 ;; Defined at:
  3013 ;;		line 15 in file "C:\Program Files\Microchip\xc8\v2.41\pic\sources\c99\common\Umul32.c"
  3014 ;; Parameters:    Size  Location     Type
  3015 ;;  multiplier      4    0[COMRAM] unsigned long 
  3016 ;;  multiplicand    4    4[COMRAM] unsigned long 
  3017 ;; Auto vars:     Size  Location     Type
  3018 ;;  product         4    8[COMRAM] unsigned long 
  3019 ;; Return value:  Size  Location     Type
  3020 ;;                  4    0[COMRAM] unsigned long 
  3021 ;; Registers used:
  3022 ;;		wreg, status,2, status,0
  3023 ;; Tracked objects:
  3024 ;;		On entry : 0/0
  3025 ;;		On exit  : 0/0
  3026 ;;		Unchanged: 0/0
  3027 ;; Data sizes:     COMRAM   BANK0   BANK1   BANK2   BANK3   BANK4   BANK5   BANK6   BANK7
  3028 ;;      Params:         8       0       0       0       0       0       0       0       0
  3029 ;;      Locals:         4       0       0       0       0       0       0       0       0
  3030 ;;      Temps:          0       0       0       0       0       0       0       0       0
  3031 ;;      Totals:        12       0       0       0       0       0       0       0       0
  3032 ;;Total ram usage:       12 bytes
  3033 ;; Hardware stack levels used: 1
  3034 ;; This function calls:
  3035 ;;		Nothing
  3036 ;; This function is called by:
  3037 ;;		i2_m1_set_duty
  3038 ;; This function uses a non-reentrant model
  3039 ;;
  3040                           
  3041                           	psect	text21
  3042  0000'                    __ptext21:
  3043                           	callstack 0
  3044  0000'                    i2___lmul:
  3045                           	callstack 23
  3046  0000' 0E00               	movlw	0
  3047  0002' 6E00'              	movwf	i2___lmul@product^0,c
  3048  0004' 0E00               	movlw	0
  3049  0006' 6E00'              	movwf	(i2___lmul@product+1)^0,c
  3050  0008' 0E00               	movlw	0
  3051  000A' 6E00'              	movwf	(i2___lmul@product+2)^0,c
  3052  000C' 0E00               	movlw	0
  3053  000E' 6E00'              	movwf	(i2___lmul@product+3)^0,c
  3054  0010'                    i2l1696:
  3055  0010' A000'              	btfss	i2___lmul@multiplier^0,0,c
  3056  0012' EF00' F000'        	goto	i2u78_41
  3057  0016' EF00' F000'        	goto	i2u78_40
  3058  001A'                    i2u78_41:
  3059  001A' EF00' F000'        	goto	i2l1700
  3060  001E'                    i2u78_40:
  3061  001E' 5000'              	movf	i2___lmul@multiplicand^0,w,c
  3062  0020' 2600'              	addwf	i2___lmul@product^0,f,c
  3063  0022' 5000'              	movf	(i2___lmul@multiplicand+1)^0,w,c
  3064  0024' 2200'              	addwfc	(i2___lmul@product+1)^0,f,c
  3065  0026' 5000'              	movf	(i2___lmul@multiplicand+2)^0,w,c
  3066  0028' 2200'              	addwfc	(i2___lmul@product+2)^0,f,c
  3067  002A' 5000'              	movf	(i2___lmul@multiplicand+3)^0,w,c
  3068  002C' 2200'              	addwfc	(i2___lmul@product+3)^0,f,c
  3069  002E'                    i2l1700:
  3070  002E' 90D8               	bcf	status,0,c
  3071  0030' 3600'              	rlcf	i2___lmul@multiplicand^0,f,c
  3072  0032' 3600'              	rlcf	(i2___lmul@multiplicand+1)^0,f,c
  3073  0034' 3600'              	rlcf	(i2___lmul@multiplicand+2)^0,f,c
  3074  0036' 3600'              	rlcf	(i2___lmul@multiplicand+3)^0,f,c
  3075  0038' 90D8               	bcf	status,0,c
  3076  003A' 3200'              	rrcf	(i2___lmul@multiplier+3)^0,f,c
  3077  003C' 3200'              	rrcf	(i2___lmul@multiplier+2)^0,f,c
  3078  003E' 3200'              	rrcf	(i2___lmul@multiplier+1)^0,f,c
  3079  0040' 3200'              	rrcf	i2___lmul@multiplier^0,f,c
  3080  0042' 5000'              	movf	i2___lmul@multiplier^0,w,c
  3081  0044' 1000'              	iorwf	(i2___lmul@multiplier+1)^0,w,c
  3082  0046' 1000'              	iorwf	(i2___lmul@multiplier+2)^0,w,c
  3083  0048' 1000'              	iorwf	(i2___lmul@multiplier+3)^0,w,c
  3084  004A' A4D8               	btfss	status,2,c
  3085  004C' EF00' F000'        	goto	i2u79_41
  3086  0050' EF00' F000'        	goto	i2u79_40
  3087  0054'                    i2u79_41:
  3088  0054' EF00' F000'        	goto	i2l1696
  3089  0058'                    i2u79_40:
  3090  0058' C008' F000'        	movff	i2___lmul@product,?i2___lmul
  3091  005C' C009' F001'        	movff	i2___lmul@product+1,?i2___lmul+1
  3092  0060' C00A' F002'        	movff	i2___lmul@product+2,?i2___lmul+2
  3093  0064' C00B' F003'        	movff	i2___lmul@product+3,?i2___lmul+3
  3094  0068' 0012               	return		;funcret
  3095  006A'                    __end_ofi2___lmul:
  3096                           	callstack 0
  3097                           
  3098 ;; *************** function i2___awdiv *****************
  3099 ;; Defined at:
  3100 ;;		line 7 in file "C:\Program Files\Microchip\xc8\v2.41\pic\sources\c99\common\awdiv.c"
  3101 ;; Parameters:    Size  Location     Type
  3102 ;;  dividend        2    0[COMRAM] int 
  3103 ;;  divisor         2    2[COMRAM] int 
  3104 ;; Auto vars:     Size  Location     Type
  3105 ;;  quotient        2    6[COMRAM] int 
  3106 ;;  sign            1    5[COMRAM] unsigned char 
  3107 ;;  counter         1    4[COMRAM] unsigned char 
  3108 ;; Return value:  Size  Location     Type
  3109 ;;                  2    0[COMRAM] int 
  3110 ;; Registers used:
  3111 ;;		wreg, status,2, status,0
  3112 ;; Tracked objects:
  3113 ;;		On entry : 0/0
  3114 ;;		On exit  : 0/0
  3115 ;;		Unchanged: 0/0
  3116 ;; Data sizes:     COMRAM   BANK0   BANK1   BANK2   BANK3   BANK4   BANK5   BANK6   BANK7
  3117 ;;      Params:         4       0       0       0       0       0       0       0       0
  3118 ;;      Locals:         4       0       0       0       0       0       0       0       0
  3119 ;;      Temps:          0       0       0       0       0       0       0       0       0
  3120 ;;      Totals:         8       0       0       0       0       0       0       0       0
  3121 ;;Total ram usage:        8 bytes
  3122 ;; Hardware stack levels used: 1
  3123 ;; This function calls:
  3124 ;;		Nothing
  3125 ;; This function is called by:
  3126 ;;		i2_con_m1_RPM
  3127 ;; This function uses a non-reentrant model
  3128 ;;
  3129                           
  3130                           	psect	text22
  3131  0000'                    __ptext22:
  3132                           	callstack 0
  3133  0000'                    i2___awdiv:
  3134                           	callstack 24
  3135  0000' 0E00               	movlw	0
  3136  0002' 6E00'              	movwf	i2___awdiv@sign^0,c
  3137  0004' BE00'              	btfsc	(i2___awdiv@divisor+1)^0,7,c
  3138  0006' EF00' F000'        	goto	i2u101_40
  3139  000A' EF00' F000'        	goto	i2u101_41
  3140  000E'                    i2u101_41:
  3141  000E' EF00' F000'        	goto	i2l1856
  3142  0012'                    i2u101_40:
  3143  0012' 6C00'              	negf	i2___awdiv@divisor^0,c
  3144  0014' 1E00'              	comf	(i2___awdiv@divisor+1)^0,f,c
  3145  0016' B0D8               	btfsc	status,0,c
  3146  0018' 2A00'              	incf	(i2___awdiv@divisor+1)^0,f,c
  3147  001A' 0E01               	movlw	1
  3148  001C' 6E00'              	movwf	i2___awdiv@sign^0,c
  3149  001E'                    i2l1856:
  3150  001E' BE00'              	btfsc	(i2___awdiv@dividend+1)^0,7,c
  3151  0020' EF00' F000'        	goto	i2u102_40
  3152  0024' EF00' F000'        	goto	i2u102_41
  3153  0028'                    i2u102_41:
  3154  0028' EF00' F000'        	goto	i2l1862
  3155  002C'                    i2u102_40:
  3156  002C' 6C00'              	negf	i2___awdiv@dividend^0,c
  3157  002E' 1E00'              	comf	(i2___awdiv@dividend+1)^0,f,c
  3158  0030' B0D8               	btfsc	status,0,c
  3159  0032' 2A00'              	incf	(i2___awdiv@dividend+1)^0,f,c
  3160  0034' 0E01               	movlw	1
  3161  0036' 1A00'              	xorwf	i2___awdiv@sign^0,f,c
  3162  0038'                    i2l1862:
  3163  0038' 0E00               	movlw	0
  3164  003A' 6E00'              	movwf	(i2___awdiv@quotient+1)^0,c
  3165  003C' 0E00               	movlw	0
  3166  003E' 6E00'              	movwf	i2___awdiv@quotient^0,c
  3167  0040' 5000'              	movf	i2___awdiv@divisor^0,w,c
  3168  0042' 1000'              	iorwf	(i2___awdiv@divisor+1)^0,w,c
  3169  0044' B4D8               	btfsc	status,2,c
  3170  0046' EF00' F000'        	goto	i2u103_41
  3171  004A' EF00' F000'        	goto	i2u103_40
  3172  004E'                    i2u103_41:
  3173  004E' EF00' F000'        	goto	i2l1884
  3174  0052'                    i2u103_40:
  3175  0052' 0E01               	movlw	1
  3176  0054' 6E00'              	movwf	i2___awdiv@counter^0,c
  3177  0056' EF00' F000'        	goto	i2l1870
  3178  005A'                    i2l1868:
  3179  005A' 90D8               	bcf	status,0,c
  3180  005C' 3600'              	rlcf	i2___awdiv@divisor^0,f,c
  3181  005E' 3600'              	rlcf	(i2___awdiv@divisor+1)^0,f,c
  3182  0060' 2A00'              	incf	i2___awdiv@counter^0,f,c
  3183  0062'                    i2l1870:
  3184  0062' AE00'              	btfss	(i2___awdiv@divisor+1)^0,7,c
  3185  0064' EF00' F000'        	goto	i2u104_41
  3186  0068' EF00' F000'        	goto	i2u104_40
  3187  006C'                    i2u104_41:
  3188  006C' EF00' F000'        	goto	i2l1868
  3189  0070'                    i2u104_40:
  3190  0070'                    i2l1872:
  3191  0070' 90D8               	bcf	status,0,c
  3192  0072' 3600'              	rlcf	i2___awdiv@quotient^0,f,c
  3193  0074' 3600'              	rlcf	(i2___awdiv@quotient+1)^0,f,c
  3194  0076' 5000'              	movf	i2___awdiv@divisor^0,w,c
  3195  0078' 5C00'              	subwf	i2___awdiv@dividend^0,w,c
  3196  007A' 5000'              	movf	(i2___awdiv@divisor+1)^0,w,c
  3197  007C' 5800'              	subwfb	(i2___awdiv@dividend+1)^0,w,c
  3198  007E' A0D8               	btfss	status,0,c
  3199  0080' EF00' F000'        	goto	i2u105_41
  3200  0084' EF00' F000'        	goto	i2u105_40
  3201  0088'                    i2u105_41:
  3202  0088' EF00' F000'        	goto	i2l1880
  3203  008C'                    i2u105_40:
  3204  008C' 5000'              	movf	i2___awdiv@divisor^0,w,c
  3205  008E' 5E00'              	subwf	i2___awdiv@dividend^0,f,c
  3206  0090' 5000'              	movf	(i2___awdiv@divisor+1)^0,w,c
  3207  0092' 5A00'              	subwfb	(i2___awdiv@dividend+1)^0,f,c
  3208  0094' 8000'              	bsf	i2___awdiv@quotient^0,0,c
  3209  0096'                    i2l1880:
  3210  0096' 90D8               	bcf	status,0,c
  3211  0098' 3200'              	rrcf	(i2___awdiv@divisor+1)^0,f,c
  3212  009A' 3200'              	rrcf	i2___awdiv@divisor^0,f,c
  3213  009C' 2E00'              	decfsz	i2___awdiv@counter^0,f,c
  3214  009E' EF00' F000'        	goto	i2l1872
  3215  00A2'                    i2l1884:
  3216  00A2' 5000'              	movf	i2___awdiv@sign^0,w,c
  3217  00A4' B4D8               	btfsc	status,2,c
  3218  00A6' EF00' F000'        	goto	i2u106_41
  3219  00AA' EF00' F000'        	goto	i2u106_40
  3220  00AE'                    i2u106_41:
  3221  00AE' EF00' F000'        	goto	i2l1888
  3222  00B2'                    i2u106_40:
  3223  00B2' 6C00'              	negf	i2___awdiv@quotient^0,c
  3224  00B4' 1E00'              	comf	(i2___awdiv@quotient+1)^0,f,c
  3225  00B6' B0D8               	btfsc	status,0,c
  3226  00B8' 2A00'              	incf	(i2___awdiv@quotient+1)^0,f,c
  3227  00BA'                    i2l1888:
  3228  00BA' C006' F000'        	movff	i2___awdiv@quotient,?i2___awdiv
  3229  00BE' C007' F001'        	movff	i2___awdiv@quotient+1,?i2___awdiv+1
  3230  00C2' 0012               	return		;funcret
  3231  00C4'                    __end_ofi2___awdiv:
  3232                           	callstack 0
  3233                           
  3234 ;; *************** function _m2_RPM_ISR *****************
  3235 ;; Defined at:
  3236 ;;		line 462 in file "main.c"
  3237 ;; Parameters:    Size  Location     Type
  3238 ;;		None
  3239 ;; Auto vars:     Size  Location     Type
  3240 ;;		None
  3241 ;; Return value:  Size  Location     Type
  3242 ;;                  1    wreg      void 
  3243 ;; Registers used:
  3244 ;;		wreg, fsr2l, fsr2h, status,2, status,0, cstack
  3245 ;; Tracked objects:
  3246 ;;		On entry : 0/0
  3247 ;;		On exit  : 0/0
  3248 ;;		Unchanged: 0/0
  3249 ;; Data sizes:     COMRAM   BANK0   BANK1   BANK2   BANK3   BANK4   BANK5   BANK6   BANK7
  3250 ;;      Params:         0       0       0       0       0       0       0       0       0
  3251 ;;      Locals:         0       0       0       0       0       0       0       0       0
  3252 ;;      Temps:          4       0       0       0       0       0       0       0       0
  3253 ;;      Totals:         4       0       0       0       0       0       0       0       0
  3254 ;;Total ram usage:        4 bytes
  3255 ;; Hardware stack levels used: 1
  3256 ;; Hardware stack levels required when called: 1
  3257 ;; This function calls:
  3258 ;;		i2___lldiv
  3259 ;; This function is called by:
  3260 ;;		_ISR
  3261 ;; This function uses a non-reentrant model
  3262 ;;
  3263                           
  3264                           	psect	text23
  3265  0000'                    __ptext23:
  3266                           	callstack 0
  3267  0000'                    _m2_RPM_ISR:
  3268                           	callstack 25
  3269  0000'                    
  3270                           ;main.c: 464:     if (PIR5bits.TMR3GIF)
  3271  0000' 010E               	movlb	14	; () banked
  3272  0002' A3CA               	btfss	202,1,b	;volatile
  3273  0004' EF00' F000'        	goto	i2u151_41
  3274  0008' EF00' F000'        	goto	i2u151_40
  3275  000C'                    i2u151_41:
  3276  000C' EF00' F000'        	goto	i2l2254
  3277  0010'                    i2u151_40:
  3278  0010'                    
  3279                           ; BSR set to: 14
  3280                           ;main.c: 465:     {;main.c: 466:         T3GCONbits.GE = 0;
  3281  0010' 9EC9               	bcf	201,7,c	;volatile
  3282                           
  3283                           ;main.c: 467:         T3CONbits.ON=0;
  3284  0012' 90C8               	bcf	200,0,c	;volatile
  3285  0014'                    
  3286                           ; BSR set to: 14
  3287                           ;main.c: 468:         if (m2_T_OF)
  3288  0014' 5000'              	movf	_m2_T_OF^0,w,c	;volatile
  3289  0016' B4D8               	btfsc	status,2,c
  3290  0018' EF00' F000'        	goto	i2u152_41
  3291  001C' EF00' F000'        	goto	i2u152_40
  3292  0020'                    i2u152_41:
  3293  0020' EF00' F000'        	goto	i2l2238
  3294  0024'                    i2u152_40:
  3295  0024'                    
  3296                           ; BSR set to: 14
  3297                           ;main.c: 469:         {;main.c: 470:             m2_speed = (uint32_t)0x10000*m2_T_OF;
  3298  0024' C019' F019'        	movff	_m2_T_OF,??_m2_RPM_ISR	;volatile
  3299  0028' 6A00'              	clrf	(??_m2_RPM_ISR+1)^0,c
  3300  002A' 6A00'              	clrf	(??_m2_RPM_ISR+2)^0,c
  3301  002C' 6A00'              	clrf	(??_m2_RPM_ISR+3)^0,c
  3302  002E' C01A' F01C'        	movff	??_m2_RPM_ISR+1,??_m2_RPM_ISR+3
  3303  0032' C019' F01B'        	movff	??_m2_RPM_ISR,??_m2_RPM_ISR+2
  3304  0036' 6A00'              	clrf	(??_m2_RPM_ISR+1)^0,c
  3305  0038' 6A00'              	clrf	??_m2_RPM_ISR^0,c
  3306  003A' C019' F011'        	movff	??_m2_RPM_ISR,_m2_speed	;volatile
  3307  003E' C01A' F012'        	movff	??_m2_RPM_ISR+1,_m2_speed+1	;volatile
  3308  0042' C01B' F013'        	movff	??_m2_RPM_ISR+2,_m2_speed+2	;volatile
  3309  0046' C01C' F014'        	movff	??_m2_RPM_ISR+3,_m2_speed+3	;volatile
  3310  004A'                    
  3311                           ; BSR set to: 14
  3312                           ;main.c: 471:             m2_speed += TMR3;
  3313  004A' 50C6               	movf	198,w,c	;volatile
  3314  004C' 2600'              	addwf	_m2_speed^0,f,c	;volatile
  3315  004E' 50C7               	movf	199,w,c	;volatile
  3316  0050' 2200'              	addwfc	(_m2_speed+1)^0,f,c	;volatile
  3317  0052' 0E00               	movlw	0
  3318  0054' 2200'              	addwfc	(_m2_speed+2)^0,f,c	;volatile
  3319  0056' 0E00               	movlw	0
  3320  0058' 2200'              	addwfc	(_m2_speed+3)^0,f,c	;volatile
  3321                           
  3322                           ;main.c: 472:         }
  3323  005A' EF00' F000'        	goto	i2l2240
  3324  005E'                    i2l2238:
  3325                           
  3326                           ; BSR set to: 14
  3327  005E' CFC6 F011'         	movff	4038,_m2_speed	;volatile
  3328  0062' CFC7 F012'         	movff	4039,_m2_speed+1	;volatile
  3329  0066' 6A00'              	clrf	(_m2_speed+2)^0,c	;volatile
  3330  0068' 6A00'              	clrf	(_m2_speed+3)^0,c	;volatile
  3331  006A'                    i2l2240:
  3332                           
  3333                           ; BSR set to: 14
  3334                           ;main.c: 475:         m2_rpm[m2_i]= (uint8_t)(191100/m2_speed);
  3335  006A' 0E00'              	movlw	low _m2_rpm
  3336  006C' 2400'              	addwf	_m2_i^0,w,c	;volatile
  3337  006E' 6ED9               	movwf	fsr2l,c
  3338  0070' 6ADA               	clrf	fsr2h,c
  3339  0072' 0E00'              	movlw	high _m2_rpm
  3340  0074' 22DA               	addwfc	fsr2h,f,c
  3341  0076' 0E7C               	movlw	124
  3342  0078' 6E00'              	movwf	i2___lldiv@dividend^0,c
  3343  007A' 0EEA               	movlw	234
  3344  007C' 6E00'              	movwf	(i2___lldiv@dividend+1)^0,c
  3345  007E' 0E02               	movlw	2
  3346  0080' 6E00'              	movwf	(i2___lldiv@dividend+2)^0,c
  3347  0082' 0E00               	movlw	0
  3348  0084' 6E00'              	movwf	(i2___lldiv@dividend+3)^0,c
  3349  0086' C011' F010'        	movff	_m2_speed,i2___lldiv@divisor	;volatile
  3350  008A' C012' F011'        	movff	_m2_speed+1,i2___lldiv@divisor+1	;volatile
  3351  008E' C013' F012'        	movff	_m2_speed+2,i2___lldiv@divisor+2	;volatile
  3352  0092' C014' F013'        	movff	_m2_speed+3,i2___lldiv@divisor+3	;volatile
  3353  0096' EC00' F000'        	call	i2___lldiv	;wreg free
  3354  009A' 5000'              	movf	?i2___lldiv^0,w,c
  3355  009C' 6EDF               	movwf	indf2,c
  3356  009E'                    
  3357                           ;main.c: 476:         m2_i++;
  3358  009E' 2A00'              	incf	_m2_i^0,f,c	;volatile
  3359  00A0'                    
  3360                           ;main.c: 477:         if (m2_i==5) m2_i = 0;
  3361  00A0' 0E05               	movlw	5
  3362  00A2' 1800'              	xorwf	_m2_i^0,w,c	;volatile
  3363  00A4' A4D8               	btfss	status,2,c
  3364  00A6' EF00' F000'        	goto	i2u153_41
  3365  00AA' EF00' F000'        	goto	i2u153_40
  3366  00AE'                    i2u153_41:
  3367  00AE' EF00' F000'        	goto	i2l318
  3368  00B2'                    i2u153_40:
  3369  00B2' 0E00               	movlw	0
  3370  00B4' 6E00'              	movwf	_m2_i^0,c	;volatile
  3371  00B6'                    i2l318:
  3372                           
  3373                           ;main.c: 479:         m2_T_OF = 0;
  3374  00B6' 0E00               	movlw	0
  3375  00B8' 6E00'              	movwf	_m2_T_OF^0,c	;volatile
  3376                           
  3377                           ;main.c: 480:         TMR3 = 0;
  3378  00BA' 0E00               	movlw	0
  3379  00BC' 6EC7               	movwf	199,c	;volatile
  3380  00BE' 0E00               	movlw	0
  3381  00C0' 6EC6               	movwf	198,c	;volatile
  3382                           
  3383                           ;main.c: 481:         m2_outDate=0;
  3384  00C2' 0E00               	movlw	0
  3385  00C4' 6E00'              	movwf	_m2_outDate^0,c	;volatile
  3386                           
  3387                           ;main.c: 482:         m2_outDate3=0;
  3388  00C6' 0E00               	movlw	0
  3389  00C8' 0100               	movlb	0	; () banked
  3390  00CA' 6F00'              	movwf	_m2_outDate3& (0+255),b	;volatile
  3391                           
  3392                           ;main.c: 483:         m2_time_out=25;
  3393  00CC' 0E19               	movlw	25
  3394  00CE' 6E00'              	movwf	_m2_time_out^0,c	;volatile
  3395  00D0'                    
  3396                           ; BSR set to: 0
  3397                           ;main.c: 485:         PIR5bits.TMR3GIF = 0;
  3398  00D0' 010E               	movlb	14	; () banked
  3399  00D2' 93CA               	bcf	202,1,b	;volatile
  3400  00D4'                    
  3401                           ; BSR set to: 14
  3402                           ;main.c: 486:         T3CONbits.ON=1;
  3403  00D4' 80C8               	bsf	200,0,c	;volatile
  3404  00D6'                    
  3405                           ; BSR set to: 14
  3406                           ;main.c: 487:         T3GCONbits.GE = 1;
  3407  00D6' 8EC9               	bsf	201,7,c	;volatile
  3408  00D8'                    i2l2254:
  3409                           
  3410                           ; BSR set to: 14
  3411                           ;main.c: 490:     if (PIR4bits.TMR3IF)
  3412  00D8' A5C9               	btfss	201,2,b	;volatile
  3413  00DA' EF00' F000'        	goto	i2u154_41
  3414  00DE' EF00' F000'        	goto	i2u154_40
  3415  00E2'                    i2u154_41:
  3416  00E2' EF00' F000'        	goto	i2l320
  3417  00E6'                    i2u154_40:
  3418  00E6'                    
  3419                           ; BSR set to: 14
  3420                           ;main.c: 491:     {;main.c: 492:         m2_T_OF++;
  3421  00E6' 2A00'              	incf	_m2_T_OF^0,f,c	;volatile
  3422  00E8'                    
  3423                           ; BSR set to: 14
  3424                           ;main.c: 493:         PIR4bits.TMR3IF = 0;
  3425  00E8' 95C9               	bcf	201,2,b	;volatile
  3426  00EA'                    i2l320:
  3427                           
  3428                           ; BSR set to: 14
  3429  00EA' 0012               	return		;funcret
  3430  00EC'                    __end_of_m2_RPM_ISR:
  3431                           	callstack 0
  3432                           
  3433 ;; *************** function _m1_RPM_ISR *****************
  3434 ;; Defined at:
  3435 ;;		line 331 in file "main.c"
  3436 ;; Parameters:    Size  Location     Type
  3437 ;;		None
  3438 ;; Auto vars:     Size  Location     Type
  3439 ;;		None
  3440 ;; Return value:  Size  Location     Type
  3441 ;;                  1    wreg      void 
  3442 ;; Registers used:
  3443 ;;		wreg, fsr2l, fsr2h, status,2, status,0, cstack
  3444 ;; Tracked objects:
  3445 ;;		On entry : 0/0
  3446 ;;		On exit  : 0/0
  3447 ;;		Unchanged: 0/0
  3448 ;; Data sizes:     COMRAM   BANK0   BANK1   BANK2   BANK3   BANK4   BANK5   BANK6   BANK7
  3449 ;;      Params:         0       0       0       0       0       0       0       0       0
  3450 ;;      Locals:         0       0       0       0       0       0       0       0       0
  3451 ;;      Temps:          4       0       0       0       0       0       0       0       0
  3452 ;;      Totals:         4       0       0       0       0       0       0       0       0
  3453 ;;Total ram usage:        4 bytes
  3454 ;; Hardware stack levels used: 1
  3455 ;; Hardware stack levels required when called: 1
  3456 ;; This function calls:
  3457 ;;		i2___lldiv
  3458 ;; This function is called by:
  3459 ;;		_ISR
  3460 ;; This function uses a non-reentrant model
  3461 ;;
  3462                           
  3463                           	psect	text24
  3464  0000'                    __ptext24:
  3465                           	callstack 0
  3466  0000'                    _m1_RPM_ISR:
  3467                           	callstack 25
  3468  0000'                    
  3469                           ;main.c: 333:     if (PIR5bits.TMR1GIF)
  3470  0000' 010E               	movlb	14	; () banked
  3471  0002' A1CA               	btfss	202,0,b	;volatile
  3472  0004' EF00' F000'        	goto	i2u147_41
  3473  0008' EF00' F000'        	goto	i2u147_40
  3474  000C'                    i2u147_41:
  3475  000C' EF00' F000'        	goto	i2l2222
  3476  0010'                    i2u147_40:
  3477  0010'                    
  3478                           ; BSR set to: 14
  3479                           ;main.c: 334:     {;main.c: 335:         T1GCONbits.GE = 0;
  3480  0010' 9ECF               	bcf	207,7,c	;volatile
  3481                           
  3482                           ;main.c: 336:         T1CONbits.ON=0;
  3483  0012' 90CE               	bcf	206,0,c	;volatile
  3484  0014'                    
  3485                           ; BSR set to: 14
  3486                           ;main.c: 337:         if (m1_T_OF)
  3487  0014' 5000'              	movf	_m1_T_OF^0,w,c	;volatile
  3488  0016' B4D8               	btfsc	status,2,c
  3489  0018' EF00' F000'        	goto	i2u148_41
  3490  001C' EF00' F000'        	goto	i2u148_40
  3491  0020'                    i2u148_41:
  3492  0020' EF00' F000'        	goto	i2l2206
  3493  0024'                    i2u148_40:
  3494  0024'                    
  3495                           ; BSR set to: 14
  3496                           ;main.c: 338:         {;main.c: 339:             m1_speed = (uint32_t)0x10000*m1_T_OF;
  3497  0024' C01A' F019'        	movff	_m1_T_OF,??_m1_RPM_ISR	;volatile
  3498  0028' 6A00'              	clrf	(??_m1_RPM_ISR+1)^0,c
  3499  002A' 6A00'              	clrf	(??_m1_RPM_ISR+2)^0,c
  3500  002C' 6A00'              	clrf	(??_m1_RPM_ISR+3)^0,c
  3501  002E' C01A' F01C'        	movff	??_m1_RPM_ISR+1,??_m1_RPM_ISR+3
  3502  0032' C019' F01B'        	movff	??_m1_RPM_ISR,??_m1_RPM_ISR+2
  3503  0036' 6A00'              	clrf	(??_m1_RPM_ISR+1)^0,c
  3504  0038' 6A00'              	clrf	??_m1_RPM_ISR^0,c
  3505  003A' C019' F015'        	movff	??_m1_RPM_ISR,_m1_speed	;volatile
  3506  003E' C01A' F016'        	movff	??_m1_RPM_ISR+1,_m1_speed+1	;volatile
  3507  0042' C01B' F017'        	movff	??_m1_RPM_ISR+2,_m1_speed+2	;volatile
  3508  0046' C01C' F018'        	movff	??_m1_RPM_ISR+3,_m1_speed+3	;volatile
  3509  004A'                    
  3510                           ; BSR set to: 14
  3511                           ;main.c: 340:             m1_speed += TMR1;
  3512  004A' 50CC               	movf	204,w,c	;volatile
  3513  004C' 2600'              	addwf	_m1_speed^0,f,c	;volatile
  3514  004E' 50CD               	movf	205,w,c	;volatile
  3515  0050' 2200'              	addwfc	(_m1_speed+1)^0,f,c	;volatile
  3516  0052' 0E00               	movlw	0
  3517  0054' 2200'              	addwfc	(_m1_speed+2)^0,f,c	;volatile
  3518  0056' 0E00               	movlw	0
  3519  0058' 2200'              	addwfc	(_m1_speed+3)^0,f,c	;volatile
  3520                           
  3521                           ;main.c: 341:         }
  3522  005A' EF00' F000'        	goto	i2l2208
  3523  005E'                    i2l2206:
  3524                           
  3525                           ; BSR set to: 14
  3526  005E' CFCC F015'         	movff	4044,_m1_speed	;volatile
  3527  0062' CFCD F016'         	movff	4045,_m1_speed+1	;volatile
  3528  0066' 6A00'              	clrf	(_m1_speed+2)^0,c	;volatile
  3529  0068' 6A00'              	clrf	(_m1_speed+3)^0,c	;volatile
  3530  006A'                    i2l2208:
  3531                           
  3532                           ; BSR set to: 14
  3533                           ;main.c: 344:         m1_rpm[m1_i]= (uint8_t)(191100/m1_speed);
  3534  006A' 0E00'              	movlw	low _m1_rpm
  3535  006C' 2400'              	addwf	_m1_i^0,w,c	;volatile
  3536  006E' 6ED9               	movwf	fsr2l,c
  3537  0070' 6ADA               	clrf	fsr2h,c
  3538  0072' 0E00'              	movlw	high _m1_rpm
  3539  0074' 22DA               	addwfc	fsr2h,f,c
  3540  0076' 0E7C               	movlw	124
  3541  0078' 6E00'              	movwf	i2___lldiv@dividend^0,c
  3542  007A' 0EEA               	movlw	234
  3543  007C' 6E00'              	movwf	(i2___lldiv@dividend+1)^0,c
  3544  007E' 0E02               	movlw	2
  3545  0080' 6E00'              	movwf	(i2___lldiv@dividend+2)^0,c
  3546  0082' 0E00               	movlw	0
  3547  0084' 6E00'              	movwf	(i2___lldiv@dividend+3)^0,c
  3548  0086' C015' F010'        	movff	_m1_speed,i2___lldiv@divisor	;volatile
  3549  008A' C016' F011'        	movff	_m1_speed+1,i2___lldiv@divisor+1	;volatile
  3550  008E' C017' F012'        	movff	_m1_speed+2,i2___lldiv@divisor+2	;volatile
  3551  0092' C018' F013'        	movff	_m1_speed+3,i2___lldiv@divisor+3	;volatile
  3552  0096' EC00' F000'        	call	i2___lldiv	;wreg free
  3553  009A' 5000'              	movf	?i2___lldiv^0,w,c
  3554  009C' 6EDF               	movwf	indf2,c
  3555  009E'                    
  3556                           ;main.c: 345:         m1_i++;
  3557  009E' 2A00'              	incf	_m1_i^0,f,c	;volatile
  3558  00A0'                    
  3559                           ;main.c: 346:         if (m1_i==5) m1_i = 0;
  3560  00A0' 0E05               	movlw	5
  3561  00A2' 1800'              	xorwf	_m1_i^0,w,c	;volatile
  3562  00A4' A4D8               	btfss	status,2,c
  3563  00A6' EF00' F000'        	goto	i2u149_41
  3564  00AA' EF00' F000'        	goto	i2u149_40
  3565  00AE'                    i2u149_41:
  3566  00AE' EF00' F000'        	goto	i2l277
  3567  00B2'                    i2u149_40:
  3568  00B2' 0E00               	movlw	0
  3569  00B4' 6E00'              	movwf	_m1_i^0,c	;volatile
  3570  00B6'                    i2l277:
  3571                           
  3572                           ;main.c: 348:         m1_T_OF = 0;
  3573  00B6' 0E00               	movlw	0
  3574  00B8' 6E00'              	movwf	_m1_T_OF^0,c	;volatile
  3575                           
  3576                           ;main.c: 349:         TMR1 = 0;
  3577  00BA' 0E00               	movlw	0
  3578  00BC' 6ECD               	movwf	205,c	;volatile
  3579  00BE' 0E00               	movlw	0
  3580  00C0' 6ECC               	movwf	204,c	;volatile
  3581                           
  3582                           ;main.c: 350:         m1_outDate=0;
  3583  00C2' 0E00               	movlw	0
  3584  00C4' 6E00'              	movwf	_m1_outDate^0,c	;volatile
  3585                           
  3586                           ;main.c: 351:         m1_outDate3=0;
  3587  00C6' 0E00               	movlw	0
  3588  00C8' 6E00'              	movwf	_m1_outDate3^0,c	;volatile
  3589                           
  3590                           ;main.c: 352:         m1_time_out=25;
  3591  00CA' 0E19               	movlw	25
  3592  00CC' 6E00'              	movwf	_m1_time_out^0,c	;volatile
  3593  00CE'                    
  3594                           ;main.c: 354:         PIR5bits.TMR1GIF = 0;
  3595  00CE' 010E               	movlb	14	; () banked
  3596  00D0' 91CA               	bcf	202,0,b	;volatile
  3597  00D2'                    
  3598                           ; BSR set to: 14
  3599                           ;main.c: 355:         T1CONbits.ON=1;
  3600  00D2' 80CE               	bsf	206,0,c	;volatile
  3601  00D4'                    
  3602                           ; BSR set to: 14
  3603                           ;main.c: 356:         T1GCONbits.GE = 1;
  3604  00D4' 8ECF               	bsf	207,7,c	;volatile
  3605  00D6'                    i2l2222:
  3606                           
  3607                           ; BSR set to: 14
  3608                           ;main.c: 359:     if (PIR4bits.TMR1IF)
  3609  00D6' A1C9               	btfss	201,0,b	;volatile
  3610  00D8' EF00' F000'        	goto	i2u150_41
  3611  00DC' EF00' F000'        	goto	i2u150_40
  3612  00E0'                    i2u150_41:
  3613  00E0' EF00' F000'        	goto	i2l279
  3614  00E4'                    i2u150_40:
  3615  00E4'                    
  3616                           ; BSR set to: 14
  3617                           ;main.c: 360:     {;main.c: 361:         m1_T_OF++;
  3618  00E4' 2A00'              	incf	_m1_T_OF^0,f,c	;volatile
  3619  00E6'                    
  3620                           ; BSR set to: 14
  3621                           ;main.c: 362:         PIR4bits.TMR1IF = 0;
  3622  00E6' 91C9               	bcf	201,0,b	;volatile
  3623  00E8'                    i2l279:
  3624                           
  3625                           ; BSR set to: 14
  3626  00E8' 0012               	return		;funcret
  3627  00EA'                    __end_of_m1_RPM_ISR:
  3628                           	callstack 0
  3629                           
  3630 ;; *************** function i2___lldiv *****************
  3631 ;; Defined at:
  3632 ;;		line 7 in file "C:\Program Files\Microchip\xc8\v2.41\pic\sources\c99\common\__lldiv.c"
  3633 ;; Parameters:    Size  Location     Type
  3634 ;;  dividend        4   12[COMRAM] unsigned long 
  3635 ;;  divisor         4   16[COMRAM] unsigned long 
  3636 ;; Auto vars:     Size  Location     Type
  3637 ;;  quotient        4   20[COMRAM] unsigned long 
  3638 ;;  counter         1   24[COMRAM] unsigned char 
  3639 ;; Return value:  Size  Location     Type
  3640 ;;                  4   12[COMRAM] unsigned long 
  3641 ;; Registers used:
  3642 ;;		wreg, status,2, status,0
  3643 ;; Tracked objects:
  3644 ;;		On entry : 0/0
  3645 ;;		On exit  : 0/0
  3646 ;;		Unchanged: 0/0
  3647 ;; Data sizes:     COMRAM   BANK0   BANK1   BANK2   BANK3   BANK4   BANK5   BANK6   BANK7
  3648 ;;      Params:         8       0       0       0       0       0       0       0       0
  3649 ;;      Locals:         5       0       0       0       0       0       0       0       0
  3650 ;;      Temps:          0       0       0       0       0       0       0       0       0
  3651 ;;      Totals:        13       0       0       0       0       0       0       0       0
  3652 ;;Total ram usage:       13 bytes
  3653 ;; Hardware stack levels used: 1
  3654 ;; This function calls:
  3655 ;;		Nothing
  3656 ;; This function is called by:
  3657 ;;		_m1_RPM_ISR
  3658 ;;		_m2_RPM_ISR
  3659 ;;		i2_m1_set_duty
  3660 ;; This function uses a non-reentrant model
  3661 ;;
  3662                           
  3663                           	psect	text25
  3664  0000'                    __ptext25:
  3665                           	callstack 0
  3666  0000'                    i2___lldiv:
  3667                           	callstack 23
  3668  0000' 0E00               	movlw	0
  3669  0002' 6E00'              	movwf	i2___lldiv@quotient^0,c
  3670  0004' 0E00               	movlw	0
  3671  0006' 6E00'              	movwf	(i2___lldiv@quotient+1)^0,c
  3672  0008' 0E00               	movlw	0
  3673  000A' 6E00'              	movwf	(i2___lldiv@quotient+2)^0,c
  3674  000C' 0E00               	movlw	0
  3675  000E' 6E00'              	movwf	(i2___lldiv@quotient+3)^0,c
  3676  0010' 5000'              	movf	i2___lldiv@divisor^0,w,c
  3677  0012' 1000'              	iorwf	(i2___lldiv@divisor+1)^0,w,c
  3678  0014' 1000'              	iorwf	(i2___lldiv@divisor+2)^0,w,c
  3679  0016' 1000'              	iorwf	(i2___lldiv@divisor+3)^0,w,c
  3680  0018' B4D8               	btfsc	status,2,c
  3681  001A' EF00' F000'        	goto	i2u80_41
  3682  001E' EF00' F000'        	goto	i2u80_40
  3683  0022'                    i2u80_41:
  3684  0022' EF00' F000'        	goto	i2l370
  3685  0026'                    i2u80_40:
  3686  0026' 0E01               	movlw	1
  3687  0028' 6E00'              	movwf	i2___lldiv@counter^0,c
  3688  002A' EF00' F000'        	goto	i2l1712
  3689  002E'                    i2l1710:
  3690  002E' 90D8               	bcf	status,0,c
  3691  0030' 3600'              	rlcf	i2___lldiv@divisor^0,f,c
  3692  0032' 3600'              	rlcf	(i2___lldiv@divisor+1)^0,f,c
  3693  0034' 3600'              	rlcf	(i2___lldiv@divisor+2)^0,f,c
  3694  0036' 3600'              	rlcf	(i2___lldiv@divisor+3)^0,f,c
  3695  0038' 2A00'              	incf	i2___lldiv@counter^0,f,c
  3696  003A'                    i2l1712:
  3697  003A' AE00'              	btfss	(i2___lldiv@divisor+3)^0,7,c
  3698  003C' EF00' F000'        	goto	i2u81_41
  3699  0040' EF00' F000'        	goto	i2u81_40
  3700  0044'                    i2u81_41:
  3701  0044' EF00' F000'        	goto	i2l1710
  3702  0048'                    i2u81_40:
  3703  0048'                    i2l1714:
  3704  0048' 90D8               	bcf	status,0,c
  3705  004A' 3600'              	rlcf	i2___lldiv@quotient^0,f,c
  3706  004C' 3600'              	rlcf	(i2___lldiv@quotient+1)^0,f,c
  3707  004E' 3600'              	rlcf	(i2___lldiv@quotient+2)^0,f,c
  3708  0050' 3600'              	rlcf	(i2___lldiv@quotient+3)^0,f,c
  3709  0052' 5000'              	movf	i2___lldiv@divisor^0,w,c
  3710  0054' 5C00'              	subwf	i2___lldiv@dividend^0,w,c
  3711  0056' 5000'              	movf	(i2___lldiv@divisor+1)^0,w,c
  3712  0058' 5800'              	subwfb	(i2___lldiv@dividend+1)^0,w,c
  3713  005A' 5000'              	movf	(i2___lldiv@divisor+2)^0,w,c
  3714  005C' 5800'              	subwfb	(i2___lldiv@dividend+2)^0,w,c
  3715  005E' 5000'              	movf	(i2___lldiv@divisor+3)^0,w,c
  3716  0060' 5800'              	subwfb	(i2___lldiv@dividend+3)^0,w,c
  3717  0062' A0D8               	btfss	status,0,c
  3718  0064' EF00' F000'        	goto	i2u82_41
  3719  0068' EF00' F000'        	goto	i2u82_40
  3720  006C'                    i2u82_41:
  3721  006C' EF00' F000'        	goto	i2l1722
  3722  0070'                    i2u82_40:
  3723  0070' 5000'              	movf	i2___lldiv@divisor^0,w,c
  3724  0072' 5E00'              	subwf	i2___lldiv@dividend^0,f,c
  3725  0074' 5000'              	movf	(i2___lldiv@divisor+1)^0,w,c
  3726  0076' 5A00'              	subwfb	(i2___lldiv@dividend+1)^0,f,c
  3727  0078' 5000'              	movf	(i2___lldiv@divisor+2)^0,w,c
  3728  007A' 5A00'              	subwfb	(i2___lldiv@dividend+2)^0,f,c
  3729  007C' 5000'              	movf	(i2___lldiv@divisor+3)^0,w,c
  3730  007E' 5A00'              	subwfb	(i2___lldiv@dividend+3)^0,f,c
  3731  0080' 8000'              	bsf	i2___lldiv@quotient^0,0,c
  3732  0082'                    i2l1722:
  3733  0082' 90D8               	bcf	status,0,c
  3734  0084' 3200'              	rrcf	(i2___lldiv@divisor+3)^0,f,c
  3735  0086' 3200'              	rrcf	(i2___lldiv@divisor+2)^0,f,c
  3736  0088' 3200'              	rrcf	(i2___lldiv@divisor+1)^0,f,c
  3737  008A' 3200'              	rrcf	i2___lldiv@divisor^0,f,c
  3738  008C' 2E00'              	decfsz	i2___lldiv@counter^0,f,c
  3739  008E' EF00' F000'        	goto	i2l1714
  3740  0092'                    i2l370:
  3741  0092' C014' F00C'        	movff	i2___lldiv@quotient,?i2___lldiv
  3742  0096' C015' F00D'        	movff	i2___lldiv@quotient+1,?i2___lldiv+1
  3743  009A' C016' F00E'        	movff	i2___lldiv@quotient+2,?i2___lldiv+2
  3744  009E' C017' F00F'        	movff	i2___lldiv@quotient+3,?i2___lldiv+3
  3745  00A2' 0012               	return		;funcret
  3746  00A4'                    __end_ofi2___lldiv:
  3747                           	callstack 0
  3748                           
  3749 ;; *************** function _I2C_ISR *****************
  3750 ;; Defined at:
  3751 ;;		line 205 in file "main.c"
  3752 ;; Parameters:    Size  Location     Type
  3753 ;;		None
  3754 ;; Auto vars:     Size  Location     Type
  3755 ;;  te              1    0        unsigned char 
  3756 ;; Return value:  Size  Location     Type
  3757 ;;                  1    wreg      void 
  3758 ;; Registers used:
  3759 ;;		wreg, fsr2l, fsr2h, status,2, status,0
  3760 ;; Tracked objects:
  3761 ;;		On entry : 0/0
  3762 ;;		On exit  : 0/0
  3763 ;;		Unchanged: 0/0
  3764 ;; Data sizes:     COMRAM   BANK0   BANK1   BANK2   BANK3   BANK4   BANK5   BANK6   BANK7
  3765 ;;      Params:         0       0       0       0       0       0       0       0       0
  3766 ;;      Locals:         0       0       0       0       0       0       0       0       0
  3767 ;;      Temps:          0       0       0       0       0       0       0       0       0
  3768 ;;      Totals:         0       0       0       0       0       0       0       0       0
  3769 ;;Total ram usage:        0 bytes
  3770 ;; Hardware stack levels used: 1
  3771 ;; This function calls:
  3772 ;;		Nothing
  3773 ;; This function is called by:
  3774 ;;		_ISR
  3775 ;; This function uses a non-reentrant model
  3776 ;;
  3777                           
  3778                           	psect	text26
  3779  0000'                    __ptext26:
  3780                           	callstack 0
  3781  0000'                    _I2C_ISR:
  3782                           	callstack 26
  3783  0000'                    
  3784                           ;main.c: 209:     if (PIR3bits.SSP1IF)
  3785  0000' 010E               	movlb	14	; () banked
  3786  0002' A1C8               	btfss	200,0,b	;volatile
  3787  0004' EF00' F000'        	goto	i2u137_41
  3788  0008' EF00' F000'        	goto	i2u137_40
  3789  000C'                    i2u137_41:
  3790  000C' EF00' F000'        	goto	i2l258
  3791  0010'                    i2u137_40:
  3792  0010'                    
  3793                           ; BSR set to: 14
  3794                           ;main.c: 210:     {;main.c: 211:        PIR3bits.SSP1IF = 0;
  3795  0010' 91C8               	bcf	200,0,b	;volatile
  3796                           
  3797                           ;main.c: 216:      if(!SSP1STATbits.D_nA)
  3798  0012' BA94               	btfsc	148,5,c	;volatile
  3799  0014' EF00' F000'        	goto	i2u138_41
  3800  0018' EF00' F000'        	goto	i2u138_40
  3801  001C'                    i2u138_41:
  3802  001C' EF00' F000'        	goto	i2l2168
  3803  0020'                    i2u138_40:
  3804  0020'                    
  3805                           ; BSR set to: 14
  3806  0020' 5091               	movf	145,w,c	;volatile
  3807                           
  3808                           ;main.c: 219:          if (SSP1STATbits.R_W)
  3809  0022' A494               	btfss	148,2,c	;volatile
  3810  0024' EF00' F000'        	goto	i2u139_41
  3811  0028' EF00' F000'        	goto	i2u139_40
  3812  002C'                    i2u139_41:
  3813  002C' EF00' F000'        	goto	i2l2166
  3814  0030'                    i2u139_40:
  3815  0030'                    
  3816                           ; BSR set to: 14
  3817                           ;main.c: 220:          {;main.c: 221:          i_receved=3;;
  3818  0030' 0E03               	movlw	3
  3819  0032' 6E00'              	movwf	_i_receved^0,c
  3820                           
  3821                           ;main.c: 223:          }
  3822  0034' EF00' F000'        	goto	i2l2168
  3823  0038'                    i2l2166:
  3824                           
  3825                           ; BSR set to: 14
  3826                           ;main.c: 225:          {;main.c: 226:          i_send=3;
  3827  0038' 0E03               	movlw	3
  3828  003A' 6E00'              	movwf	_i_send^0,c
  3829  003C'                    i2l2168:
  3830                           
  3831                           ; BSR set to: 14
  3832                           ;main.c: 230:        send_esp32[1]=m1_duty;
  3833  003C' C00A' F00B'        	movff	_m1_duty,_send_esp32+1	;volatile
  3834  0040'                    
  3835                           ; BSR set to: 14
  3836                           ;main.c: 231:        send_esp32[2]=m1_avg_rpm;
  3837  0040' C006' F00C'        	movff	_m1_avg_rpm,_send_esp32+2	;volatile
  3838  0044'                    
  3839                           ; BSR set to: 14
  3840                           ;main.c: 232:      if (SSP1STATbits.R_W)
  3841  0044' A494               	btfss	148,2,c	;volatile
  3842  0046' EF00' F000'        	goto	i2u140_41
  3843  004A' EF00' F000'        	goto	i2u140_40
  3844  004E'                    i2u140_41:
  3845  004E' EF00' F000'        	goto	i2l250
  3846  0052'                    i2u140_40:
  3847  0052'                    
  3848                           ; BSR set to: 14
  3849                           ;main.c: 233:         {;main.c: 234:             if (!SSP1STATbits.BF)
  3850  0052' B094               	btfsc	148,0,c	;volatile
  3851  0054' EF00' F000'        	goto	i2u141_41
  3852  0058' EF00' F000'        	goto	i2u141_40
  3853  005C'                    i2u141_41:
  3854  005C' EF00' F000'        	goto	i2l2184
  3855  0060'                    i2u141_40:
  3856  0060'                    
  3857                           ; BSR set to: 14
  3858                           ;main.c: 235:             {;main.c: 237:               SSP1BUF = send_esp32[i_send] ;
  3859  0060' 0E00'              	movlw	low _send_esp32
  3860  0062' 2400'              	addwf	_i_send^0,w,c
  3861  0064' 6ED9               	movwf	fsr2l,c
  3862  0066' 6ADA               	clrf	fsr2h,c
  3863  0068' 0E00'              	movlw	high _send_esp32
  3864  006A' 22DA               	addwfc	fsr2h,f,c
  3865  006C' 50DF               	movf	indf2,w,c
  3866  006E' 6E91               	movwf	145,c	;volatile
  3867  0070'                    
  3868                           ; BSR set to: 14
  3869                           ;main.c: 238:               i_send--;
  3870  0070' 0600'              	decf	_i_send^0,f,c
  3871  0072' EF00' F000'        	goto	i2l2184
  3872  0076'                    i2l250:
  3873                           
  3874                           ; BSR set to: 14
  3875                           ;main.c: 243:         {;main.c: 244:          if (SSP1STATbits.BF)
  3876  0076' A094               	btfss	148,0,c	;volatile
  3877  0078' EF00' F000'        	goto	i2u142_41
  3878  007C' EF00' F000'        	goto	i2u142_40
  3879  0080'                    i2u142_41:
  3880  0080' EF00' F000'        	goto	i2l2184
  3881  0084'                    i2u142_40:
  3882  0084'                    
  3883                           ; BSR set to: 14
  3884                           ;main.c: 245:          {;main.c: 248:             receved_esp32[i_receved] = SSP1BUF;
  3885  0084' 0E00'              	movlw	low _receved_esp32
  3886  0086' 2400'              	addwf	_i_receved^0,w,c
  3887  0088' 6ED9               	movwf	fsr2l,c
  3888  008A' 6ADA               	clrf	fsr2h,c
  3889  008C' 0E00'              	movlw	high _receved_esp32
  3890  008E' 22DA               	addwfc	fsr2h,f,c
  3891  0090' CF91 FFDF          	movff	3985,indf2	;volatile
  3892  0094'                    
  3893                           ; BSR set to: 14
  3894                           ;main.c: 249:             i_receved--;
  3895  0094' 0600'              	decf	_i_receved^0,f,c
  3896  0096'                    i2l2184:
  3897                           
  3898                           ; BSR set to: 14
  3899                           ;main.c: 253:          SSP1CON1bits.CKP=1;
  3900  0096' 8895               	bsf	149,4,c	;volatile
  3901  0098'                    
  3902                           ; BSR set to: 14
  3903                           ;main.c: 254:         if (SSP1CON1bits.SSPOV) SSP1CON1bits.SSPOV = 0;
  3904  0098' AC95               	btfss	149,6,c	;volatile
  3905  009A' EF00' F000'        	goto	i2u143_41
  3906  009E' EF00' F000'        	goto	i2u143_40
  3907  00A2'                    i2u143_41:
  3908  00A2' EF00' F000'        	goto	i2l254
  3909  00A6'                    i2u143_40:
  3910  00A6'                    
  3911                           ; BSR set to: 14
  3912  00A6' 9C95               	bcf	149,6,c	;volatile
  3913  00A8'                    i2l254:
  3914                           
  3915                           ; BSR set to: 14
  3916                           ;main.c: 255:         if (SSP1CON1bits.WCOL) SSP1CON1bits.WCOL = 0;
  3917  00A8' AE95               	btfss	149,7,c	;volatile
  3918  00AA' EF00' F000'        	goto	i2u144_41
  3919  00AE' EF00' F000'        	goto	i2u144_40
  3920  00B2'                    i2u144_41:
  3921  00B2' EF00' F000'        	goto	i2l255
  3922  00B6'                    i2u144_40:
  3923  00B6'                    
  3924                           ; BSR set to: 14
  3925  00B6' 9E95               	bcf	149,7,c	;volatile
  3926  00B8'                    i2l255:
  3927                           
  3928                           ; BSR set to: 14
  3929                           ;main.c: 259:     if (PIR3bits.BCL1IF)
  3930  00B8' A3C8               	btfss	200,1,b	;volatile
  3931  00BA' EF00' F000'        	goto	i2u145_41
  3932  00BE' EF00' F000'        	goto	i2u145_40
  3933  00C2'                    i2u145_41:
  3934  00C2' EF00' F000'        	goto	i2l258
  3935  00C6'                    i2u145_40:
  3936  00C6'                    
  3937                           ; BSR set to: 14
  3938                           ;main.c: 260:     {;main.c: 261:         PIR3bits.BCL1IF = 0;
  3939  00C6' 93C8               	bcf	200,1,b	;volatile
  3940                           
  3941                           ;main.c: 262:         if (SSP1CON1bits.SSPOV) SSP1CON1bits.SSPOV = 0;
  3942  00C8' AC95               	btfss	149,6,c	;volatile
  3943  00CA' EF00' F000'        	goto	i2u146_41
  3944  00CE' EF00' F000'        	goto	i2u146_40
  3945  00D2'                    i2u146_41:
  3946  00D2' EF00' F000'        	goto	i2l258
  3947  00D6'                    i2u146_40:
  3948  00D6'                    
  3949                           ; BSR set to: 14
  3950  00D6' 9C95               	bcf	149,6,c	;volatile
  3951  00D8'                    i2l258:
  3952                           
  3953                           ; BSR set to: 14
  3954  00D8' 0012               	return		;funcret
  3955  00DA'                    __end_of_I2C_ISR:
  3956                           	callstack 0
  3957  0000                     
  3958                           	psect	rparam
  3959  0000                     
  3960                           	psect	temp
  3961  0000'                    btemp:
  3962                           	callstack 0
  3963  0000'                    	ds	1
  3964  0000                     int$flags	set	btemp
  3965  0000                     wtemp8	set	btemp+1
  3966  0000                     ttemp5	set	btemp+1
  3967  0000                     ttemp6	set	btemp+4
  3968  0000                     ttemp7	set	btemp+8
  3969                           
  3970                           	psect	idloc
  3971                           
  3972                           ;Config register IDLOC0 @ 0x200000
  3973                           ;	unspecified, using default values
  3974  200000                     	org	2097152
  3975  200000  FFFF               	dw	65535
  3976                           
  3977                           ;Config register IDLOC1 @ 0x200002
  3978                           ;	unspecified, using default values
  3979  200002                     	org	2097154
  3980  200002  FFFF               	dw	65535
  3981                           
  3982                           ;Config register IDLOC2 @ 0x200004
  3983                           ;	unspecified, using default values
  3984  200004                     	org	2097156
  3985  200004  FFFF               	dw	65535
  3986                           
  3987                           ;Config register IDLOC3 @ 0x200006
  3988                           ;	unspecified, using default values
  3989  200006                     	org	2097158
  3990  200006  FFFF               	dw	65535
  3991                           
  3992                           ;Config register IDLOC4 @ 0x200008
  3993                           ;	unspecified, using default values
  3994  200008                     	org	2097160
  3995  200008  FFFF               	dw	65535
  3996                           
  3997                           ;Config register IDLOC5 @ 0x20000A
  3998                           ;	unspecified, using default values
  3999  20000A                     	org	2097162
  4000  20000A  FFFF               	dw	65535
  4001                           
  4002                           ;Config register IDLOC6 @ 0x20000C
  4003                           ;	unspecified, using default values
  4004  20000C                     	org	2097164
  4005  20000C  FFFF               	dw	65535
  4006                           
  4007                           ;Config register IDLOC7 @ 0x20000E
  4008                           ;	unspecified, using default values
  4009  20000E                     	org	2097166
  4010  20000E  FFFF               	dw	65535
  4011                           
  4012                           ;Config register IDLOC8 @ 0x200010
  4013                           ;	unspecified, using default values
  4014  200010                     	org	2097168
  4015  200010  FFFF               	dw	65535
  4016                           
  4017                           ;Config register IDLOC9 @ 0x200012
  4018                           ;	unspecified, using default values
  4019  200012                     	org	2097170
  4020  200012  FFFF               	dw	65535
  4021                           
  4022                           ;Config register IDLOC10 @ 0x200014
  4023                           ;	unspecified, using default values
  4024  200014                     	org	2097172
  4025  200014  FFFF               	dw	65535
  4026                           
  4027                           ;Config register IDLOC11 @ 0x200016
  4028                           ;	unspecified, using default values
  4029  200016                     	org	2097174
  4030  200016  FFFF               	dw	65535
  4031                           
  4032                           ;Config register IDLOC12 @ 0x200018
  4033                           ;	unspecified, using default values
  4034  200018                     	org	2097176
  4035  200018  FFFF               	dw	65535
  4036                           
  4037                           ;Config register IDLOC13 @ 0x20001A
  4038                           ;	unspecified, using default values
  4039  20001A                     	org	2097178
  4040  20001A  FFFF               	dw	65535
  4041                           
  4042                           ;Config register IDLOC14 @ 0x20001C
  4043                           ;	unspecified, using default values
  4044  20001C                     	org	2097180
  4045  20001C  FFFF               	dw	65535
  4046                           
  4047                           ;Config register IDLOC15 @ 0x20001E
  4048                           ;	unspecified, using default values
  4049  20001E                     	org	2097182
  4050  20001E  FFFF               	dw	65535
  4051                           
  4052                           ;Config register IDLOC16 @ 0x200020
  4053                           ;	unspecified, using default values
  4054  200020                     	org	2097184
  4055  200020  FFFF               	dw	65535
  4056                           
  4057                           ;Config register IDLOC17 @ 0x200022
  4058                           ;	unspecified, using default values
  4059  200022                     	org	2097186
  4060  200022  FFFF               	dw	65535
  4061                           
  4062                           ;Config register IDLOC18 @ 0x200024
  4063                           ;	unspecified, using default values
  4064  200024                     	org	2097188
  4065  200024  FFFF               	dw	65535
  4066                           
  4067                           ;Config register IDLOC19 @ 0x200026
  4068                           ;	unspecified, using default values
  4069  200026                     	org	2097190
  4070  200026  FFFF               	dw	65535
  4071                           
  4072                           ;Config register IDLOC20 @ 0x200028
  4073                           ;	unspecified, using default values
  4074  200028                     	org	2097192
  4075  200028  FFFF               	dw	65535
  4076                           
  4077                           ;Config register IDLOC21 @ 0x20002A
  4078                           ;	unspecified, using default values
  4079  20002A                     	org	2097194
  4080  20002A  FFFF               	dw	65535
  4081                           
  4082                           ;Config register IDLOC22 @ 0x20002C
  4083                           ;	unspecified, using default values
  4084  20002C                     	org	2097196
  4085  20002C  FFFF               	dw	65535
  4086                           
  4087                           ;Config register IDLOC23 @ 0x20002E
  4088                           ;	unspecified, using default values
  4089  20002E                     	org	2097198
  4090  20002E  FFFF               	dw	65535
  4091                           
  4092                           ;Config register IDLOC24 @ 0x200030
  4093                           ;	unspecified, using default values
  4094  200030                     	org	2097200
  4095  200030  FFFF               	dw	65535
  4096                           
  4097                           ;Config register IDLOC25 @ 0x200032
  4098                           ;	unspecified, using default values
  4099  200032                     	org	2097202
  4100  200032  FFFF               	dw	65535
  4101                           
  4102                           ;Config register IDLOC26 @ 0x200034
  4103                           ;	unspecified, using default values
  4104  200034                     	org	2097204
  4105  200034  FFFF               	dw	65535
  4106                           
  4107                           ;Config register IDLOC27 @ 0x200036
  4108                           ;	unspecified, using default values
  4109  200036                     	org	2097206
  4110  200036  FFFF               	dw	65535
  4111                           
  4112                           ;Config register IDLOC28 @ 0x200038
  4113                           ;	unspecified, using default values
  4114  200038                     	org	2097208
  4115  200038  FFFF               	dw	65535
  4116                           
  4117                           ;Config register IDLOC29 @ 0x20003A
  4118                           ;	unspecified, using default values
  4119  20003A                     	org	2097210
  4120  20003A  FFFF               	dw	65535
  4121                           
  4122                           ;Config register IDLOC30 @ 0x20003C
  4123                           ;	unspecified, using default values
  4124  20003C                     	org	2097212
  4125  20003C  FFFF               	dw	65535
  4126                           
  4127                           ;Config register IDLOC31 @ 0x20003E
  4128                           ;	unspecified, using default values
  4129  20003E                     	org	2097214
  4130  20003E  FFFF               	dw	65535
  4131                           
  4132                           ;Config register IDLOC32 @ 0x200040
  4133                           ;	unspecified, using default values
  4134  200040                     	org	2097216
  4135  200040  FFFF               	dw	65535
  4136                           
  4137                           ;Config register IDLOC33 @ 0x200042
  4138                           ;	unspecified, using default values
  4139  200042                     	org	2097218
  4140  200042  FFFF               	dw	65535
  4141                           
  4142                           ;Config register IDLOC34 @ 0x200044
  4143                           ;	unspecified, using default values
  4144  200044                     	org	2097220
  4145  200044  FFFF               	dw	65535
  4146                           
  4147                           ;Config register IDLOC35 @ 0x200046
  4148                           ;	unspecified, using default values
  4149  200046                     	org	2097222
  4150  200046  FFFF               	dw	65535
  4151                           
  4152                           ;Config register IDLOC36 @ 0x200048
  4153                           ;	unspecified, using default values
  4154  200048                     	org	2097224
  4155  200048  FFFF               	dw	65535
  4156                           
  4157                           ;Config register IDLOC37 @ 0x20004A
  4158                           ;	unspecified, using default values
  4159  20004A                     	org	2097226
  4160  20004A  FFFF               	dw	65535
  4161                           
  4162                           ;Config register IDLOC38 @ 0x20004C
  4163                           ;	unspecified, using default values
  4164  20004C                     	org	2097228
  4165  20004C  FFFF               	dw	65535
  4166                           
  4167                           ;Config register IDLOC39 @ 0x20004E
  4168                           ;	unspecified, using default values
  4169  20004E                     	org	2097230
  4170  20004E  FFFF               	dw	65535
  4171                           
  4172                           ;Config register IDLOC40 @ 0x200050
  4173                           ;	unspecified, using default values
  4174  200050                     	org	2097232
  4175  200050  FFFF               	dw	65535
  4176                           
  4177                           ;Config register IDLOC41 @ 0x200052
  4178                           ;	unspecified, using default values
  4179  200052                     	org	2097234
  4180  200052  FFFF               	dw	65535
  4181                           
  4182                           ;Config register IDLOC42 @ 0x200054
  4183                           ;	unspecified, using default values
  4184  200054                     	org	2097236
  4185  200054  FFFF               	dw	65535
  4186                           
  4187                           ;Config register IDLOC43 @ 0x200056
  4188                           ;	unspecified, using default values
  4189  200056                     	org	2097238
  4190  200056  FFFF               	dw	65535
  4191                           
  4192                           ;Config register IDLOC44 @ 0x200058
  4193                           ;	unspecified, using default values
  4194  200058                     	org	2097240
  4195  200058  FFFF               	dw	65535
  4196                           
  4197                           ;Config register IDLOC45 @ 0x20005A
  4198                           ;	unspecified, using default values
  4199  20005A                     	org	2097242
  4200  20005A  FFFF               	dw	65535
  4201                           
  4202                           ;Config register IDLOC46 @ 0x20005C
  4203                           ;	unspecified, using default values
  4204  20005C                     	org	2097244
  4205  20005C  FFFF               	dw	65535
  4206                           
  4207                           ;Config register IDLOC47 @ 0x20005E
  4208                           ;	unspecified, using default values
  4209  20005E                     	org	2097246
  4210  20005E  FFFF               	dw	65535
  4211                           
  4212                           ;Config register IDLOC48 @ 0x200060
  4213                           ;	unspecified, using default values
  4214  200060                     	org	2097248
  4215  200060  FFFF               	dw	65535
  4216                           
  4217                           ;Config register IDLOC49 @ 0x200062
  4218                           ;	unspecified, using default values
  4219  200062                     	org	2097250
  4220  200062  FFFF               	dw	65535
  4221                           
  4222                           ;Config register IDLOC50 @ 0x200064
  4223                           ;	unspecified, using default values
  4224  200064                     	org	2097252
  4225  200064  FFFF               	dw	65535
  4226                           
  4227                           ;Config register IDLOC51 @ 0x200066
  4228                           ;	unspecified, using default values
  4229  200066                     	org	2097254
  4230  200066  FFFF               	dw	65535
  4231                           
  4232                           ;Config register IDLOC52 @ 0x200068
  4233                           ;	unspecified, using default values
  4234  200068                     	org	2097256
  4235  200068  FFFF               	dw	65535
  4236                           
  4237                           ;Config register IDLOC53 @ 0x20006A
  4238                           ;	unspecified, using default values
  4239  20006A                     	org	2097258
  4240  20006A  FFFF               	dw	65535
  4241                           
  4242                           ;Config register IDLOC54 @ 0x20006C
  4243                           ;	unspecified, using default values
  4244  20006C                     	org	2097260
  4245  20006C  FFFF               	dw	65535
  4246                           
  4247                           ;Config register IDLOC55 @ 0x20006E
  4248                           ;	unspecified, using default values
  4249  20006E                     	org	2097262
  4250  20006E  FFFF               	dw	65535
  4251                           
  4252                           ;Config register IDLOC56 @ 0x200070
  4253                           ;	unspecified, using default values
  4254  200070                     	org	2097264
  4255  200070  FFFF               	dw	65535
  4256                           
  4257                           ;Config register IDLOC57 @ 0x200072
  4258                           ;	unspecified, using default values
  4259  200072                     	org	2097266
  4260  200072  FFFF               	dw	65535
  4261                           
  4262                           ;Config register IDLOC58 @ 0x200074
  4263                           ;	unspecified, using default values
  4264  200074                     	org	2097268
  4265  200074  FFFF               	dw	65535
  4266                           
  4267                           ;Config register IDLOC59 @ 0x200076
  4268                           ;	unspecified, using default values
  4269  200076                     	org	2097270
  4270  200076  FFFF               	dw	65535
  4271                           
  4272                           ;Config register IDLOC60 @ 0x200078
  4273                           ;	unspecified, using default values
  4274  200078                     	org	2097272
  4275  200078  FFFF               	dw	65535
  4276                           
  4277                           ;Config register IDLOC61 @ 0x20007A
  4278                           ;	unspecified, using default values
  4279  20007A                     	org	2097274
  4280  20007A  FFFF               	dw	65535
  4281                           
  4282                           ;Config register IDLOC62 @ 0x20007C
  4283                           ;	unspecified, using default values
  4284  20007C                     	org	2097276
  4285  20007C  FFFF               	dw	65535
  4286                           
  4287                           ;Config register IDLOC63 @ 0x20007E
  4288                           ;	unspecified, using default values
  4289  20007E                     	org	2097278
  4290  20007E  FFFF               	dw	65535
  4291                           
  4292                           ;Config register IDLOC64 @ 0x200080
  4293                           ;	unspecified, using default values
  4294  200080                     	org	2097280
  4295  200080  FFFF               	dw	65535
  4296                           
  4297                           ;Config register IDLOC65 @ 0x200082
  4298                           ;	unspecified, using default values
  4299  200082                     	org	2097282
  4300  200082  FFFF               	dw	65535
  4301                           
  4302                           ;Config register IDLOC66 @ 0x200084
  4303                           ;	unspecified, using default values
  4304  200084                     	org	2097284
  4305  200084  FFFF               	dw	65535
  4306                           
  4307                           ;Config register IDLOC67 @ 0x200086
  4308                           ;	unspecified, using default values
  4309  200086                     	org	2097286
  4310  200086  FFFF               	dw	65535
  4311                           
  4312                           ;Config register IDLOC68 @ 0x200088
  4313                           ;	unspecified, using default values
  4314  200088                     	org	2097288
  4315  200088  FFFF               	dw	65535
  4316                           
  4317                           ;Config register IDLOC69 @ 0x20008A
  4318                           ;	unspecified, using default values
  4319  20008A                     	org	2097290
  4320  20008A  FFFF               	dw	65535
  4321                           
  4322                           ;Config register IDLOC70 @ 0x20008C
  4323                           ;	unspecified, using default values
  4324  20008C                     	org	2097292
  4325  20008C  FFFF               	dw	65535
  4326                           
  4327                           ;Config register IDLOC71 @ 0x20008E
  4328                           ;	unspecified, using default values
  4329  20008E                     	org	2097294
  4330  20008E  FFFF               	dw	65535
  4331                           
  4332                           ;Config register IDLOC72 @ 0x200090
  4333                           ;	unspecified, using default values
  4334  200090                     	org	2097296
  4335  200090  FFFF               	dw	65535
  4336                           
  4337                           ;Config register IDLOC73 @ 0x200092
  4338                           ;	unspecified, using default values
  4339  200092                     	org	2097298
  4340  200092  FFFF               	dw	65535
  4341                           
  4342                           ;Config register IDLOC74 @ 0x200094
  4343                           ;	unspecified, using default values
  4344  200094                     	org	2097300
  4345  200094  FFFF               	dw	65535
  4346                           
  4347                           ;Config register IDLOC75 @ 0x200096
  4348                           ;	unspecified, using default values
  4349  200096                     	org	2097302
  4350  200096  FFFF               	dw	65535
  4351                           
  4352                           ;Config register IDLOC76 @ 0x200098
  4353                           ;	unspecified, using default values
  4354  200098                     	org	2097304
  4355  200098  FFFF               	dw	65535
  4356                           
  4357                           ;Config register IDLOC77 @ 0x20009A
  4358                           ;	unspecified, using default values
  4359  20009A                     	org	2097306
  4360  20009A  FFFF               	dw	65535
  4361                           
  4362                           ;Config register IDLOC78 @ 0x20009C
  4363                           ;	unspecified, using default values
  4364  20009C                     	org	2097308
  4365  20009C  FFFF               	dw	65535
  4366                           
  4367                           ;Config register IDLOC79 @ 0x20009E
  4368                           ;	unspecified, using default values
  4369  20009E                     	org	2097310
  4370  20009E  FFFF               	dw	65535
  4371                           
  4372                           ;Config register IDLOC80 @ 0x2000A0
  4373                           ;	unspecified, using default values
  4374  2000A0                     	org	2097312
  4375  2000A0  FFFF               	dw	65535
  4376                           
  4377                           ;Config register IDLOC81 @ 0x2000A2
  4378                           ;	unspecified, using default values
  4379  2000A2                     	org	2097314
  4380  2000A2  FFFF               	dw	65535
  4381                           
  4382                           ;Config register IDLOC82 @ 0x2000A4
  4383                           ;	unspecified, using default values
  4384  2000A4                     	org	2097316
  4385  2000A4  FFFF               	dw	65535
  4386                           
  4387                           ;Config register IDLOC83 @ 0x2000A6
  4388                           ;	unspecified, using default values
  4389  2000A6                     	org	2097318
  4390  2000A6  FFFF               	dw	65535
  4391                           
  4392                           ;Config register IDLOC84 @ 0x2000A8
  4393                           ;	unspecified, using default values
  4394  2000A8                     	org	2097320
  4395  2000A8  FFFF               	dw	65535
  4396                           
  4397                           ;Config register IDLOC85 @ 0x2000AA
  4398                           ;	unspecified, using default values
  4399  2000AA                     	org	2097322
  4400  2000AA  FFFF               	dw	65535
  4401                           
  4402                           ;Config register IDLOC86 @ 0x2000AC
  4403                           ;	unspecified, using default values
  4404  2000AC                     	org	2097324
  4405  2000AC  FFFF               	dw	65535
  4406                           
  4407                           ;Config register IDLOC87 @ 0x2000AE
  4408                           ;	unspecified, using default values
  4409  2000AE                     	org	2097326
  4410  2000AE  FFFF               	dw	65535
  4411                           
  4412                           ;Config register IDLOC88 @ 0x2000B0
  4413                           ;	unspecified, using default values
  4414  2000B0                     	org	2097328
  4415  2000B0  FFFF               	dw	65535
  4416                           
  4417                           ;Config register IDLOC89 @ 0x2000B2
  4418                           ;	unspecified, using default values
  4419  2000B2                     	org	2097330
  4420  2000B2  FFFF               	dw	65535
  4421                           
  4422                           ;Config register IDLOC90 @ 0x2000B4
  4423                           ;	unspecified, using default values
  4424  2000B4                     	org	2097332
  4425  2000B4  FFFF               	dw	65535
  4426                           
  4427                           ;Config register IDLOC91 @ 0x2000B6
  4428                           ;	unspecified, using default values
  4429  2000B6                     	org	2097334
  4430  2000B6  FFFF               	dw	65535
  4431                           
  4432                           ;Config register IDLOC92 @ 0x2000B8
  4433                           ;	unspecified, using default values
  4434  2000B8                     	org	2097336
  4435  2000B8  FFFF               	dw	65535
  4436                           
  4437                           ;Config register IDLOC93 @ 0x2000BA
  4438                           ;	unspecified, using default values
  4439  2000BA                     	org	2097338
  4440  2000BA  FFFF               	dw	65535
  4441                           
  4442                           ;Config register IDLOC94 @ 0x2000BC
  4443                           ;	unspecified, using default values
  4444  2000BC                     	org	2097340
  4445  2000BC  FFFF               	dw	65535
  4446                           
  4447                           ;Config register IDLOC95 @ 0x2000BE
  4448                           ;	unspecified, using default values
  4449  2000BE                     	org	2097342
  4450  2000BE  FFFF               	dw	65535
  4451                           
  4452                           ;Config register IDLOC96 @ 0x2000C0
  4453                           ;	unspecified, using default values
  4454  2000C0                     	org	2097344
  4455  2000C0  FFFF               	dw	65535
  4456                           
  4457                           ;Config register IDLOC97 @ 0x2000C2
  4458                           ;	unspecified, using default values
  4459  2000C2                     	org	2097346
  4460  2000C2  FFFF               	dw	65535
  4461                           
  4462                           ;Config register IDLOC98 @ 0x2000C4
  4463                           ;	unspecified, using default values
  4464  2000C4                     	org	2097348
  4465  2000C4  FFFF               	dw	65535
  4466                           
  4467                           ;Config register IDLOC99 @ 0x2000C6
  4468                           ;	unspecified, using default values
  4469  2000C6                     	org	2097350
  4470  2000C6  FFFF               	dw	65535
  4471                           
  4472                           ;Config register IDLOC100 @ 0x2000C8
  4473                           ;	unspecified, using default values
  4474  2000C8                     	org	2097352
  4475  2000C8  FFFF               	dw	65535
  4476                           
  4477                           ;Config register IDLOC101 @ 0x2000CA
  4478                           ;	unspecified, using default values
  4479  2000CA                     	org	2097354
  4480  2000CA  FFFF               	dw	65535
  4481                           
  4482                           ;Config register IDLOC102 @ 0x2000CC
  4483                           ;	unspecified, using default values
  4484  2000CC                     	org	2097356
  4485  2000CC  FFFF               	dw	65535
  4486                           
  4487                           ;Config register IDLOC103 @ 0x2000CE
  4488                           ;	unspecified, using default values
  4489  2000CE                     	org	2097358
  4490  2000CE  FFFF               	dw	65535
  4491                           
  4492                           ;Config register IDLOC104 @ 0x2000D0
  4493                           ;	unspecified, using default values
  4494  2000D0                     	org	2097360
  4495  2000D0  FFFF               	dw	65535
  4496                           
  4497                           ;Config register IDLOC105 @ 0x2000D2
  4498                           ;	unspecified, using default values
  4499  2000D2                     	org	2097362
  4500  2000D2  FFFF               	dw	65535
  4501                           
  4502                           ;Config register IDLOC106 @ 0x2000D4
  4503                           ;	unspecified, using default values
  4504  2000D4                     	org	2097364
  4505  2000D4  FFFF               	dw	65535
  4506                           
  4507                           ;Config register IDLOC107 @ 0x2000D6
  4508                           ;	unspecified, using default values
  4509  2000D6                     	org	2097366
  4510  2000D6  FFFF               	dw	65535
  4511                           
  4512                           ;Config register IDLOC108 @ 0x2000D8
  4513                           ;	unspecified, using default values
  4514  2000D8                     	org	2097368
  4515  2000D8  FFFF               	dw	65535
  4516                           
  4517                           ;Config register IDLOC109 @ 0x2000DA
  4518                           ;	unspecified, using default values
  4519  2000DA                     	org	2097370
  4520  2000DA  FFFF               	dw	65535
  4521                           
  4522                           ;Config register IDLOC110 @ 0x2000DC
  4523                           ;	unspecified, using default values
  4524  2000DC                     	org	2097372
  4525  2000DC  FFFF               	dw	65535
  4526                           
  4527                           ;Config register IDLOC111 @ 0x2000DE
  4528                           ;	unspecified, using default values
  4529  2000DE                     	org	2097374
  4530  2000DE  FFFF               	dw	65535
  4531                           
  4532                           ;Config register IDLOC112 @ 0x2000E0
  4533                           ;	unspecified, using default values
  4534  2000E0                     	org	2097376
  4535  2000E0  FFFF               	dw	65535
  4536                           
  4537                           ;Config register IDLOC113 @ 0x2000E2
  4538                           ;	unspecified, using default values
  4539  2000E2                     	org	2097378
  4540  2000E2  FFFF               	dw	65535
  4541                           
  4542                           ;Config register IDLOC114 @ 0x2000E4
  4543                           ;	unspecified, using default values
  4544  2000E4                     	org	2097380
  4545  2000E4  FFFF               	dw	65535
  4546                           
  4547                           ;Config register IDLOC115 @ 0x2000E6
  4548                           ;	unspecified, using default values
  4549  2000E6                     	org	2097382
  4550  2000E6  FFFF               	dw	65535
  4551                           
  4552                           ;Config register IDLOC116 @ 0x2000E8
  4553                           ;	unspecified, using default values
  4554  2000E8                     	org	2097384
  4555  2000E8  FFFF               	dw	65535
  4556                           
  4557                           ;Config register IDLOC117 @ 0x2000EA
  4558                           ;	unspecified, using default values
  4559  2000EA                     	org	2097386
  4560  2000EA  FFFF               	dw	65535
  4561                           
  4562                           ;Config register IDLOC118 @ 0x2000EC
  4563                           ;	unspecified, using default values
  4564  2000EC                     	org	2097388
  4565  2000EC  FFFF               	dw	65535
  4566                           
  4567                           ;Config register IDLOC119 @ 0x2000EE
  4568                           ;	unspecified, using default values
  4569  2000EE                     	org	2097390
  4570  2000EE  FFFF               	dw	65535
  4571                           
  4572                           ;Config register IDLOC120 @ 0x2000F0
  4573                           ;	unspecified, using default values
  4574  2000F0                     	org	2097392
  4575  2000F0  FFFF               	dw	65535
  4576                           
  4577                           ;Config register IDLOC121 @ 0x2000F2
  4578                           ;	unspecified, using default values
  4579  2000F2                     	org	2097394
  4580  2000F2  FFFF               	dw	65535
  4581                           
  4582                           ;Config register IDLOC122 @ 0x2000F4
  4583                           ;	unspecified, using default values
  4584  2000F4                     	org	2097396
  4585  2000F4  FFFF               	dw	65535
  4586                           
  4587                           ;Config register IDLOC123 @ 0x2000F6
  4588                           ;	unspecified, using default values
  4589  2000F6                     	org	2097398
  4590  2000F6  FFFF               	dw	65535
  4591                           
  4592                           ;Config register IDLOC124 @ 0x2000F8
  4593                           ;	unspecified, using default values
  4594  2000F8                     	org	2097400
  4595  2000F8  FFFF               	dw	65535
  4596                           
  4597                           ;Config register IDLOC125 @ 0x2000FA
  4598                           ;	unspecified, using default values
  4599  2000FA                     	org	2097402
  4600  2000FA  FFFF               	dw	65535
  4601                           
  4602                           ;Config register IDLOC126 @ 0x2000FC
  4603                           ;	unspecified, using default values
  4604  2000FC                     	org	2097404
  4605  2000FC  FFFF               	dw	65535
  4606                           
  4607                           ;Config register IDLOC127 @ 0x2000FE
  4608                           ;	unspecified, using default values
  4609  2000FE                     	org	2097406
  4610  2000FE  FFFF               	dw	65535
  4611                           
  4612                           	psect	config
  4613                           
  4614                           ;Config register CONFIG1L @ 0x300000
  4615                           ;	External Oscillator mode Selection bits
  4616                           ;	FEXTOSC = OFF, Oscillator not enabled
  4617                           ;	Power-up default value for COSC bits
  4618                           ;	RSTOSC = HFINTOSC_64MHZ, HFINTOSC with HFFRQ = 64 MHz and CDIV = 1:1
  4619  300000                     	org	3145728
  4620  300000  8C                 	db	140
  4621                           
  4622                           ;Config register CONFIG1H @ 0x300001
  4623                           ;	Clock Out Enable bit
  4624                           ;	CLKOUTEN = OFF, CLKOUT function is disabled
  4625                           ;	Clock Switch Enable bit
  4626                           ;	CSWEN = ON, Writing to NOSC and NDIV is allowed
  4627                           ;	Fail-Safe Clock Monitor Enable bit
  4628                           ;	FCMEN = ON, Fail-Safe Clock Monitor enabled
  4629  300001                     	org	3145729
  4630  300001  FF                 	db	255
  4631                           
  4632                           ;Config register CONFIG2L @ 0x300002
  4633                           ;	Master Clear Enable bit
  4634                           ;	MCLRE = EXTMCLR, MCLR pin (RE3) is MCLR
  4635                           ;	Power-up Timer Enable bit
  4636                           ;	PWRTE = OFF, Power up timer disabled
  4637                           ;	Low-power BOR enable bit
  4638                           ;	LPBOREN = OFF, Low power BOR is disabled
  4639                           ;	Brown-out Reset Enable bits
  4640                           ;	BOREN = SBORDIS, Brown-out Reset enabled , SBOREN bit is ignored
  4641  300002                     	org	3145730
  4642  300002  FF                 	db	255
  4643                           
  4644                           ;Config register CONFIG2H @ 0x300003
  4645                           ;	Brown Out Reset Voltage selection bits
  4646                           ;	BORV = VBOR_190, Brown-out Reset Voltage (VBOR) set to 1.90V
  4647                           ;	ZCD Disable bit
  4648                           ;	ZCD = OFF, ZCD disabled. ZCD can be enabled by setting the ZCDSEN bit of ZCDCON
  4649                           ;	PPSLOCK bit One-Way Set Enable bit
  4650                           ;	PPS1WAY = ON, PPSLOCK bit can be cleared and set only once; PPS registers remain locke
      +                          d after one clear/set cycle
  4651                           ;	Stack Full/Underflow Reset Enable bit
  4652                           ;	STVREN = ON, Stack full/underflow will cause Reset
  4653                           ;	Extended Instruction Set Enable bit
  4654                           ;	XINST = OFF, Extended Instruction Set and Indexed Addressing Mode disabled
  4655  300003                     	org	3145731
  4656  300003  FF                 	db	255
  4657                           
  4658                           ;Config register CONFIG3L @ 0x300004
  4659                           ;	WDT Period Select bits
  4660                           ;	WDTCPS = WDTCPS_31, Divider ratio 1:65536; software control of WDTPS
  4661                           ;	WDT operating mode
  4662                           ;	WDTE = OFF, WDT Disabled
  4663  300004                     	org	3145732
  4664  300004  9F                 	db	159
  4665                           
  4666                           ;Config register CONFIG3H @ 0x300005
  4667                           ;	WDT Window Select bits
  4668                           ;	WDTCWS = WDTCWS_7, window always open (100%); software control; keyed access not requi
      +                          red
  4669                           ;	WDT input clock selector
  4670                           ;	WDTCCS = SC, Software Control
  4671  300005                     	org	3145733
  4672  300005  FF                 	db	255
  4673                           
  4674                           ;Config register CONFIG4L @ 0x300006
  4675                           ;	Write Protection Block 0
  4676                           ;	WRT0 = OFF, Block 0 (000800-001FFFh) not write-protected
  4677                           ;	Write Protection Block 1
  4678                           ;	WRT1 = OFF, Block 1 (002000-003FFFh) not write-protected
  4679                           ;	Write Protection Block 2
  4680                           ;	WRT2 = OFF, Block 2 (004000-005FFFh) not write-protected
  4681                           ;	Write Protection Block 3
  4682                           ;	WRT3 = OFF, Block 3 (006000-007FFFh) not write-protected
  4683  300006                     	org	3145734
  4684  300006  FF                 	db	255
  4685                           
  4686                           ;Config register CONFIG4H @ 0x300007
  4687                           ;	Configuration Register Write Protection bit
  4688                           ;	WRTC = OFF, Configuration registers (300000-30000Bh) not write-protected
  4689                           ;	Boot Block Write Protection bit
  4690                           ;	WRTB = OFF, Boot Block (000000-0007FFh) not write-protected
  4691                           ;	Data EEPROM Write Protection bit
  4692                           ;	WRTD = OFF, Data EEPROM not write-protected
  4693                           ;	Scanner Enable bit
  4694                           ;	SCANE = ON, Scanner module is available for use, SCANMD bit can control the module
  4695                           ;	Low Voltage Programming Enable bit
  4696                           ;	LVP = ON, Low voltage programming enabled. MCLR/VPP pin function is MCLR. MCLRE config
      +                          uration bit is ignored
  4697  300007                     	org	3145735
  4698  300007  FF                 	db	255
  4699                           
  4700                           ;Config register CONFIG5L @ 0x300008
  4701                           ;	UserNVM Program Memory Code Protection bit
  4702                           ;	CP = OFF, UserNVM code protection disabled
  4703                           ;	DataNVM Memory Code Protection bit
  4704                           ;	CPD = OFF, DataNVM code protection disabled
  4705  300008                     	org	3145736
  4706  300008  FF                 	db	255
  4707                           
  4708                           ;Config register CONFIG5H @ 0x300009
  4709                           ;	unspecified, using default values
  4710  300009                     	org	3145737
  4711  300009  FF                 	db	255
  4712                           
  4713                           ;Config register CONFIG6L @ 0x30000A
  4714                           ;	Table Read Protection Block 0
  4715                           ;	EBTR0 = OFF, Block 0 (000800-001FFFh) not protected from table reads executed in other
      +                           blocks
  4716                           ;	Table Read Protection Block 1
  4717                           ;	EBTR1 = OFF, Block 1 (002000-003FFFh) not protected from table reads executed in other
      +                           blocks
  4718                           ;	Table Read Protection Block 2
  4719                           ;	EBTR2 = OFF, Block 2 (004000-005FFFh) not protected from table reads executed in other
      +                           blocks
  4720                           ;	Table Read Protection Block 3
  4721                           ;	EBTR3 = OFF, Block 3 (006000-007FFFh) not protected from table reads executed in other
      +                           blocks
  4722  30000A                     	org	3145738
  4723  30000A  FF                 	db	255
  4724                           
  4725                           ;Config register CONFIG6H @ 0x30000B
  4726                           ;	Boot Block Table Read Protection bit
  4727                           ;	EBTRB = OFF, Boot Block (000000-0007FFh) not protected from table reads executed in ot
      +                          her blocks
  4728  30000B                     	org	3145739
  4729  30000B  FF                 	db	255
  4730                           tosu	equ	0xFFF
  4731                           tosh	equ	0xFFE
  4732                           tosl	equ	0xFFD
  4733                           stkptr	equ	0xFFC
  4734                           pclatu	equ	0xFFB
  4735                           pclath	equ	0xFFA
  4736                           pcl	equ	0xFF9
  4737                           tblptru	equ	0xFF8
  4738                           tblptrh	equ	0xFF7
  4739                           tblptrl	equ	0xFF6
  4740                           tablat	equ	0xFF5
  4741                           prodh	equ	0xFF4
  4742                           prodl	equ	0xFF3
  4743                           indf0	equ	0xFEF
  4744                           postinc0	equ	0xFEE
  4745                           postdec0	equ	0xFED
  4746                           preinc0	equ	0xFEC
  4747                           plusw0	equ	0xFEB
  4748                           fsr0h	equ	0xFEA
  4749                           fsr0l	equ	0xFE9
  4750                           wreg	equ	0xFE8
  4751                           indf1	equ	0xFE7
  4752                           postinc1	equ	0xFE6
  4753                           postdec1	equ	0xFE5
  4754                           preinc1	equ	0xFE4
  4755                           plusw1	equ	0xFE3
  4756                           fsr1h	equ	0xFE2
  4757                           fsr1l	equ	0xFE1
  4758                           bsr	equ	0xFE0
  4759                           indf2	equ	0xFDF
  4760                           postinc2	equ	0xFDE
  4761                           postdec2	equ	0xFDD
  4762                           preinc2	equ	0xFDC
  4763                           plusw2	equ	0xFDB
  4764                           fsr2h	equ	0xFDA
  4765                           fsr2l	equ	0xFD9
  4766                           status	equ	0xFD8

Data Sizes:
    Strings     0
    Constant    0
    Data        11
    BSS         38
    Persistent  0
    Stack       0

Auto Spaces:
    Space          Size  Autos    Used
    COMRAM           94     38      76
    BANK0           160     36      47
    BANK1           256      0       0
    BANK2           256      0       0
    BANK3           256      0       0
    BANK4           256      0       0
    BANK5           256      0       0
    BANK6           256      0       0
    BANK7           256      0       0

Pointer List with Targets:

    None.

Critical Paths under _main in COMRAM

    None.

Critical Paths under _ISR in COMRAM

    _perudic_func_ISR->i2_con_m1_RPM
    i2_con_m1_RPM->i2_m1_set_duty
    i2_m1_update_rpm->i2___lwdiv
    i2_m1_set_duty->i2___lldiv
    _m2_RPM_ISR->i2___lldiv
    _m1_RPM_ISR->i2___lldiv
    i2___lldiv->i2___lmul

Critical Paths under _main in BANK0

    _main->_con_m1_RPM
    _main->_con_m2_RPM
    _con_m2_RPM->_m2_set_duty
    _m2_update_rpm->___lwdiv
    _m2_set_duty->___lldiv
    _con_m1_RPM->_m1_set_duty
    _m1_update_rpm->___lwdiv
    _m1_set_duty->___lldiv
    ___lldiv->___lmul

Critical Paths under _ISR in BANK0

    None.

Critical Paths under _main in BANK1

    None.

Critical Paths under _ISR in BANK1

    None.

Critical Paths under _main in BANK2

    None.

Critical Paths under _ISR in BANK2

    None.

Critical Paths under _main in BANK3

    None.

Critical Paths under _ISR in BANK3

    None.

Critical Paths under _main in BANK4

    None.

Critical Paths under _ISR in BANK4

    None.

Critical Paths under _main in BANK5

    None.

Critical Paths under _ISR in BANK5

    None.

Critical Paths under _main in BANK6

    None.

Critical Paths under _ISR in BANK6

    None.

Critical Paths under _main in BANK7

    None.

Critical Paths under _ISR in BANK7

    None.

Call Graph Tables:

 ---------------------------------------------------------------------------------
 (Depth) Function   	        Calls       Base Space   Used Autos Params    Refs
 ---------------------------------------------------------------------------------
 (0) _main                                                 0     0      0    8280
                         _Initialize
                         _con_m1_RPM
                         _con_m2_RPM
 ---------------------------------------------------------------------------------
 (1) _con_m2_RPM                                           5     5      0    4140
                                             31 BANK0      5     5      0
                            ___awdiv
                        _m2_set_duty
                      _m2_update_rpm
 ---------------------------------------------------------------------------------
 (2) _m2_update_rpm                                        5     5      0     836
                                              7 BANK0      5     5      0
                            ___lwdiv
 ---------------------------------------------------------------------------------
 (2) _m2_set_duty                                          6     4      2    2307
                                             25 BANK0      6     4      2
                            ___lldiv
                             ___lmul
 ---------------------------------------------------------------------------------
 (1) _con_m1_RPM                                           5     5      0    4140
                                             31 BANK0      5     5      0
                            ___awdiv
                        _m1_set_duty
                      _m1_update_rpm
 ---------------------------------------------------------------------------------
 (2) _m1_update_rpm                                        5     5      0     836
                                              7 BANK0      5     5      0
                            ___lwdiv
 ---------------------------------------------------------------------------------
 (3) ___lwdiv                                              7     3      4     601
                                              0 BANK0      7     3      4
 ---------------------------------------------------------------------------------
 (2) _m1_set_duty                                          6     4      2    2307
                                             25 BANK0      6     4      2
                            ___lldiv
                             ___lmul
 ---------------------------------------------------------------------------------
 (3) ___lmul                                              12     4      8     636
                                              0 BANK0     12     4      8
 ---------------------------------------------------------------------------------
 (3) ___lldiv                                             13     5      8    1181
                                             12 BANK0     13     5      8
                             ___lmul (ARG)
 ---------------------------------------------------------------------------------
 (2) ___awdiv                                              8     4      4     805
                                              0 BANK0      8     4      4
 ---------------------------------------------------------------------------------
 (1) _Initialize                                           0     0      0       0
                     _I2C_Slave_Init
                            _RPM_int
                        _Timer0_Init
                         _clock_init
                            _pwm_int
 ---------------------------------------------------------------------------------
 (2) _pwm_int                                              2     0      2       0
 ---------------------------------------------------------------------------------
 (2) _clock_init                                           0     0      0       0
 ---------------------------------------------------------------------------------
 (2) _Timer0_Init                                          0     0      0       0
 ---------------------------------------------------------------------------------
 (2) _RPM_int                                              0     0      0       0
 ---------------------------------------------------------------------------------
 (2) _I2C_Slave_Init                                       1     1      0       0
 ---------------------------------------------------------------------------------
 Estimated maximum stack depth 3
 ---------------------------------------------------------------------------------
 (Depth) Function   	        Calls       Base Space   Used Autos Params    Refs
 ---------------------------------------------------------------------------------
 (4) _ISR                                                  2     2      0    2101
                                             36 COMRAM     2     2      0
                            _I2C_ISR
                         _m1_RPM_ISR
                         _m2_RPM_ISR
                   _perudic_func_ISR
 ---------------------------------------------------------------------------------
 (5) _perudic_func_ISR                                     0     0      0    1464
                       i2_con_m1_RPM
 ---------------------------------------------------------------------------------
 (6) i2_con_m1_RPM                                         5     5      0    1464
                                             31 COMRAM     5     5      0
                          i2___awdiv
                      i2_m1_set_duty
                    i2_m1_update_rpm
 ---------------------------------------------------------------------------------
 (7) i2_m1_update_rpm                                      5     5      0     374
                                              7 COMRAM     5     5      0
                          i2___lwdiv
 ---------------------------------------------------------------------------------
 (8) i2___lwdiv                                            7     3      4     214
                                              0 COMRAM     7     3      4
 ---------------------------------------------------------------------------------
 (7) i2_m1_set_duty                                        6     4      2     604
                                             25 COMRAM     6     4      2
                          i2___lldiv
                           i2___lmul
 ---------------------------------------------------------------------------------
 (8) i2___lmul                                            12     4      8     144
                                              0 COMRAM    12     4      8
 ---------------------------------------------------------------------------------
 (7) i2___awdiv                                            8     4      4     352
                                              0 COMRAM     8     4      4
 ---------------------------------------------------------------------------------
 (5) _m2_RPM_ISR                                           4     4      0     318
                                             25 COMRAM     4     4      0
                          i2___lldiv
 ---------------------------------------------------------------------------------
 (5) _m1_RPM_ISR                                           4     4      0     318
                                             25 COMRAM     4     4      0
                          i2___lldiv
 ---------------------------------------------------------------------------------
 (8) i2___lldiv                                           13     5      8     318
                                             12 COMRAM    13     5      8
                           i2___lmul (ARG)
 ---------------------------------------------------------------------------------
 (5) _I2C_ISR                                              1     1      0       1
 ---------------------------------------------------------------------------------
 Estimated maximum stack depth 8
 ---------------------------------------------------------------------------------

 Call Graph Graphs:

 _main (ROOT)
   _Initialize
     _I2C_Slave_Init
     _RPM_int
     _Timer0_Init
     _clock_init
     _pwm_int
   _con_m1_RPM
     ___awdiv
     _m1_set_duty
       ___lldiv
         ___lmul (ARG)
       ___lmul
     _m1_update_rpm
       ___lwdiv
   _con_m2_RPM
     ___awdiv
     _m2_set_duty
       ___lldiv
       ___lmul
     _m2_update_rpm
       ___lwdiv

 _ISR (ROOT)
   _I2C_ISR
   _m1_RPM_ISR
     i2___lldiv
       i2___lmul (ARG)
   _m2_RPM_ISR
     i2___lldiv
   _perudic_func_ISR
     i2_con_m1_RPM
       i2___awdiv
       i2_m1_set_duty
         i2___lldiv
         i2___lmul
       i2_m1_update_rpm
         i2___lwdiv

 Address spaces:
Name               Size   Autos  Total    Cost      Usage
BIGRAM             7FF      0       0      52        0.0%
EEDATA             100      0       0       0        0.0%
BITBIGSFR          100      0       0      50        0.0%
BITBANK7           100      0       0      18        0.0%
BANK7              100      0       0      19        0.0%
BITBANK6           100      0       0      16        0.0%
BANK6              100      0       0      17        0.0%
BITBANK5           100      0       0      14        0.0%
BANK5              100      0       0      15        0.0%
BITBANK4           100      0       0      12        0.0%
BANK4              100      0       0      13        0.0%
BITBANK3           100      0       0      10        0.0%
BANK3              100      0       0      11        0.0%
BITBANK2           100      0       0       8        0.0%
BANK2              100      0       0       9        0.0%
BITBANK1           100      0       0       6        0.0%
BANK1              100      0       0       7        0.0%
BITBANK0            A0      0       0       4        0.0%
BANK0               A0     24      2F       5       29.4%
BITBIGSFR_1hll      66      0       0      34        0.0%
BITCOMRAM           5E      0       0       0        0.0%
COMRAM              5E     26      4C       1       80.9%
BITBIGSFR_1hlhh     1C      0       0      21        0.0%
BITBIGSFR_1lllh     1B      0       0      39        0.0%
BITBIGSFR_1llll     19      0       0      49        0.0%
BITBIGSFR_1lllh     12      0       0      37        0.0%
BITBIGSFR_1llll      E      0       0      47        0.0%
BITBIGSFR_1hh        D      0       0      20        0.0%
BITBIGSFR_1llll      9      0       0      46        0.0%
BITBIGSFR_1hlhl      8      0       0      30        0.0%
BITBIGSFR_1lllh      8      0       0      42        0.0%
BITBIGSFR_1hlhl      7      0       0      25        0.0%
BITBIGSFR_1hlhl      7      0       0      32        0.0%
BITBIGSFR_1hlhl      7      0       0      31        0.0%
BITBIGSFR_1llh       7      0       0      36        0.0%
BITBIGSFR_1lh        7      0       0      35        0.0%
BITBIGSFR_1hlhl      6      0       0      29        0.0%
BITBIGSFR_1hlhl      4      0       0      33        0.0%
BITBIGSFR_1llll      3      0       0      44        0.0%
BITBIGSFR_1lllh      3      0       0      41        0.0%
BITBIGSFR_1lllh      2      0       0      38        0.0%
BITBIGSFR_1llll      2      0       0      45        0.0%
BITBIGSFR_1lllh      2      0       0      43        0.0%
BITBIGSFR_1hlhl      1      0       0      24        0.0%
BITBIGSFR_1hlhl      1      0       0      27        0.0%
BITBIGSFR_1hlhl      1      0       0      28        0.0%
BITBIGSFR_1hlhl      1      0       0      23        0.0%
BITBIGSFR_1hlhl      1      0       0      22        0.0%
BITBIGSFR_1llll      1      0       0      48        0.0%
BITBIGSFR_1hlhl      1      0       0      26        0.0%
BITBIGSFR_1lllh      1      0       0      40        0.0%
BIGSFR_1             0      0       0     200        0.0%
BIGSFR               0      0       0     200        0.0%
BITSFR_3             0      0       0     200        0.0%
SFR_3                0      0       0     200        0.0%
BITSFR_2             0      0       0     200        0.0%
SFR_2                0      0       0     200        0.0%
BITSFR_1             0      0       0     200        0.0%
SFR_1                0      0       0     200        0.0%
BITSFR               0      0       0     200        0.0%
SFR                  0      0       0     200        0.0%
STACK                0      0       0       2        0.0%
NULL                 0      0       0       0        0.0%
ABS                  0      0      7B      51        0.0%
DATA                 0      0      7B       3        0.0%
CODE                 0      0       0       0        0.0%


Microchip Technology PIC18 Macro Assembler V2.41 build 20230208172133 
Symbol Table                                                                                   Sat Aug 30 21:31:26 2025

      i2m1_update_rpm@sum 0008            ?i2_m1_set_duty 0019                        _D1 0005  
                      _D2 0004                        _F1 0002                        _F2 0000  
            ___awdiv@sign 0005        i2___lwdiv@dividend 0000                       l230 0034  
                     l240 0012                       l243 0038                       l331 00B0  
                     l340 00AA                       l237 0012                       l309 00BE  
                     l370 0094                       l354 005A                       l290 00B0  
                     l338 0096                       l355 006A                       l268 00BE  
                     l377 00A4                       l297 0096                       l299 00A8  
                     l574 00C4                       l841 0074                       l834 006C  
                     _GIE 7F97                       _ISR 0000           __end_of_I2C_ISR 00DA  
   i2m1_update_rpm@j_1351 000B                       wreg 0FE8                      ?_ISR 0000  
                    l2310 0020                      l2320 0028                      l2312 0030  
                    l2400 006C                      l2330 0072                      l2322 0030  
                    l2314 003A                      l2306 0000                      l2402 0080  
                    l2410 0010                      l2500 002E                      l2332 0082  
                    l2324 003C                      l2316 0000                      l2308 0012  
                    l2404 0088                      l2340 000A                      l2420 0038  
                    l2510 005C                      l2502 0036                      l2334 0084  
                    l2326 004A                      l2318 0012                      l2406 00A0  
                    l2350 0040                      l2342 001C                      l2422 0048  
                    l2360 0000                      l2520 0096                      l2512 0064  
                    l2504 003A                      l2336 008E                      l2328 0054  
                    l2352 0056                      l2344 0024                      l2440 00A2  
                    l2424 0064                      l2416 001E                      l2408 0000  
                    l2600 000C                      l2370 000C                      l2362 0000  
                    l2530 00BC                      l2522 0098                      l2514 0072  
                    l2506 0042                      l2354 005E                      l2346 002C  
                    l2338 0000                      l2434 0082                      l2442 00AE  
                    l2418 0036                      l2426 006C                      l2450 0088  
                    l2380 001C                      l2372 0010                      l2364 000C  
                    l2540 0016                      l2524 009E                      l2516 0078  
                    l2508 0054                      l2356 0060                      l2348 003A  
                    l2436 0090                      l2428 007C                      l2452 00A0  
                    l2444 0000                      l2390 0030                      l2382 0022  
                    l2374 0014                      l2366 0010                      l2550 0032  
                    l2542 001C                      l2534 0000                      l2518 008E  
                    l2526 00A4                      l2358 0066                      l2438 0092  
                    l2446 006C                      l2470 0064                      l2462 001E  
                    l2454 0000                      l2392 0032                      l2384 0026  
                    l2376 0016                      l2368 0000                      l2544 002A  
                    l2536 000E                      l2528 00B4                      l2560 003A  
                    l2552 0004                      l2448 0080                      l2480 0082  
                    l2464 0036                      l2456 0010                      l2472 006C  
                    l2394 0034                      l2386 002A                      l2378 001A  
                    l2546 002E                      l2538 0012                      l2490 0000  
                    l2570 009A                      l2562 005C                      l2554 0008  
                    l2482 0090                      l2474 007C                      l2466 0038  
                    l2396 0036                      l2388 002E                      l2548 0030  
                    l2492 0006                      l2572 00A4                      l2564 006A  
                    l2556 001A                      l2484 0092                      l2468 0048  
                    l2580 002A                      l2494 0014                      l2398 0000  
                    l2566 0072                      l2558 002A                      l2486 00A2  
                    l2590 008E                      l2582 003A                      l2574 0004  
                    l2496 001C                      l2568 008E                      l2488 00AE  
                    l2592 009A                      l2584 005C                      l2576 0008  
                    l2498 0020                      l2594 00A4                      l2586 006A  
                    l2578 001A                      l2588 0072                      l2596 0000  
                    l2598 0004                      u1600 001C                      u1601 0018  
                    u1610 003A                      u1611 0036                      u1620 0056  
                    u1621 0052                      u1550 0020                      u1710 0080  
                    u1551 001C                      u1711 007C                      u1800 0072  
                    u1560 005A                      u1640 0080                      u1801 006E  
                    u1561 0056                      u1641 007C                      u1705 0010  
                    u1810 008E                      u1570 0028                      u1730 0010  
                    _T2PR 0FBB                      u1811 008A                      u1571 0024  
                    u1635 0010                      u1731 000C                      u1820 00B4  
                    u1580 004A                      u1660 0010                      u1740 0048  
                    u1821 00B0                      u1581 0046                      u1661 000C  
                    u1725 00AC                      u1741 0044                      u1590 0072  
                    u1670 0048                      u1830 001A                      u1750 007C  
                    u1591 006E                      u1655 00AC                      u1671 0044  
                    u1831 0016                      u1751 0078                      u1680 007C  
                    u1840 006A                      u1760 00A2                      _IPEN 7F95  
                    u1681 0078                      u1841 0066                      u1761 009E  
                    u1770 0014                      u1690 00A2                      u1850 008E  
                    _T4PR 0FB5                      u1771 0010                      u1691 009E  
                    u1851 008A                      u1780 002E                      u1860 001A  
                    u1781 002A                      u1861 0016                      u1790 0054  
                    u1870 006A                      u1791 0050                      u1871 0066  
                    u1880 008E                      u1881 008A                      _PEIE 7F96  
                    _TMR1 0FCC                      _TMR2 0FBA                      _TMR3 0FC6  
                    _TMR4 0FB4                      _m1_i 0010                      _m2_i 000D  
                    _main 0000        i2___lwdiv@quotient 0004                      fsr2h 0FDA  
                    indf2 0FDF                      fsr1l 0FE1                      fsr2l 0FD9  
        con_m1_RPM@de_rpm 0021                      btemp 0000                      start 0000* 
        con_m1_RPM@rpm_er 001F              ___param_bank 0000                     ??_ISR 0024  
        ?i2_m1_update_rpm 0000                     ?_main 0000           __end_of___awdiv 00C6  
         __end_of___lldiv 00A6          con_m2_RPM@de_rpm 0021           ___awdiv@divisor 0002  
         __end_of___lwdiv 0076                     i2l320 00EA                     i2l250 0076  
                   i2l234 001C                     i2l227 001A                     i2l254 00A8  
                   i2l318 00B6                     i2l255 00B8                     i2l258 00D8  
                   i2l370 0092                     i2l354 0058                     i2l290 00AE  
                   i2l355 0068                     i2l268 00B8                     i2l277 00B6  
                   i2l279 00E8                     i2l377 00A2                     i2l297 0094  
                   i2l299 00A6                     i2l574 00C2                     i2l841 0072  
                   i2l834 006A           ___awdiv@counter 0004                     _OSCEN 0ED7  
                   _TMR0H 0FD3       ___lmul@multiplicand 0004          con_m2_RPM@rpm_er 001F  
              _m1_RPM_ISR 0000                     tablat 0FF5          __end_ofi2___lmul 006A  
              _m2_RPM_ISR 0000                     ttemp5 0001                     ttemp6 0004  
                   ttemp7 0008                     status 0FD8                     wtemp8 0001  
         __initialization 0000         i2___lldiv@divisor 0010           ??i2_m1_set_duty 001B  
            __end_of_main 001C         i2___lldiv@counter 0018             ??_m1_set_duty 001B  
               ??_I2C_ISR 0000              i2_con_m1_RPM 0000                _Initialize 0000  
           ??_m2_set_duty 001B                    ??_main 0024          _perudic_func_ISR 0000  
           __activetblptr 0000                _m1_avg_rpm 0006                _m2_avg_rpm 0004  
          m1_update_rpm@j 000A                _m1_outDate 000F          ___awdiv@dividend 0000  
              _m2_outDate 0007                    _ANSELA 0F0C                    _ANSELB 0F14  
                  _ANSELC 0F1C                    _T0CON0 0FD4                    _T0CON1 0FD5  
               ??_RPM_int 0000                    _T1GPPS 0EA1                    _T3GPPS 0EA3  
                  _RC3PPS 0EF5                    _RC4PPS 0EF6                    _RC7PPS 0EF9  
                  i2l2200 0014                    i2l2210 009E                    i2l2202 0024  
                  i2l2220 00D4                    i2l2212 00A0                    i2l2204 004A  
                  i2l2214 00B2                    i2l2206 005E                    i2l2222 00D6  
                  i2l2230 0010                    i2l2070 0016                    i2l2150 0000  
                  i2l2160 0010                    i2l2224 00E4                    i2l2216 00CE  
                  i2l2208 006A                    i2l2240 006A                    i2l2232 0014  
                  i2l2080 0070                    i2l2072 0026                    i2l2152 0010  
                  i2l2170 0040                    i2l2162 0020                    i2l2226 00E6  
                  i2l2218 00D2                    i2l2250 00D4                    i2l2242 009E  
                  i2l2234 0024                    i2l2082 008C                    i2l2074 0038  
                  i2l2066 0002                    i2l2154 0012                    i2l2180 0084  
                  i2l2172 0044                    i2l2164 0030                    i2l2252 00D6  
                  i2l2244 00A0                    i2l2236 004A                    i2l2228 0000  
                  i2l1700 002E                    i2l2084 0098                    i2l2076 005A  
                  i2l2068 0006                    i2l2156 001A                    i2l2190 00B6  
                  i2l2182 0094                    i2l2174 0052                    i2l2166 0038  
                  i2l2158 0000                    i2l1710 002E                    i2l2246 00B2  
                  i2l2238 005E                    i2l2254 00D8                    i2l1702 0038  
                  i2l2086 00A2                    i2l2078 0068                    i2l2192 00C6  
                  i2l2176 0060                    i2l2184 0096                    i2l2168 003C  
                  i2l1720 0080                    i2l1712 003A                    i2l1704 0000  
                  i2l2256 00E6                    i2l2248 00D0                    i2l2194 00D6  
                  i2l2186 0098                    i2l2178 0070                    i2l1722 0082  
                  i2l1714 0048                    i2l1706 0010                    i2l2258 00E8  
                  i2l1810 009A                    i2l1802 0000                    i2l1730 001A  
                  i2l2266 000A                    i2l2188 00A6                    i2l1724 008C  
                  i2l1716 0052                    i2l1708 0026                    i2l2196 0000  
                  i2l1804 0068                    i2l1740 0054                    i2l1732 0022  
                  i2l1820 001C                    i2l1812 0000                    i2l1718 0070  
                  i2l2198 0010                    i2l1806 007A                    i2l1742 005C  
                  i2l1734 002A                    i2l1726 0000                    i2l1822 0034  
                  i2l1814 0010                    i2l1830 006A                    i2l1808 0082  
                  i2l1744 005E                    i2l1736 0038                    i2l1728 0008  
                  i2l1840 008C                    i2l1832 007A                    i2l1824 0036  
                  i2l1850 0004                    i2l1746 0064                    i2l1738 003E  
                  i2l1842 008E                    i2l1826 0046                    i2l1860 0034  
                  i2l1852 0012                    i2l1844 009E                    i2l1828 0062  
                  i2l1870 0062                    i2l1862 0038                    i2l1854 001A  
                  i2l1694 0000                    i2l1838 007E                    i2l1846 00AC  
                  i2l1880 0096                    i2l1872 0070                    i2l1864 0040  
                  i2l1856 001E                    i2l1848 0000                    i2l1696 0010  
                  i2l1882 009C                    i2l1874 0076                    i2l1866 0052  
                  i2l1858 002C                    i2l1698 001E                    i2l1876 008C  
                  i2l1868 005A                    i2l1884 00A2                    i2l1886 00B2  
                  i2l1878 0094                    i2l1888 00BA                    _TMR2IE 7609  
                  _TMR2IF 7649                    _TMR4IE 760B                    _TMR4IF 764B  
        i2___lmul@product 0008             ??_Timer0_Init 0000                    _m1_rpm 0005  
        m2_update_rpm@sum 0008                    _m2_rpm 0000                    ___lmul 0000  
               ??___awdiv 0004                 ??___lldiv 0014                 ??___lwdiv 0004  
                  _i_send 0009                    clear_0 0026                    clear_1 0032  
        ___awdiv@quotient 0006                    isa$std 0001            i2___awdiv@sign 0005  
     __end_of_m1_set_duty 00C0              __pdataCOMRAM 0000         __end_ofi2___awdiv 00C4  
       __end_ofi2___lldiv 00A4       m1_update_rpm@j_1351 000B         __end_ofi2___lwdiv 0074  
                  tblptrh 0FF7                    tblptrl 0FF6                    tblptru 0FF8  
     __end_of_m2_set_duty 00C0                 ??_pwm_int 0000               ?_m1_RPM_ISR 0000  
      con_m1_RPM@new_duty 0022               ?_m2_RPM_ISR 0000                __accesstop 0000* 
 __end_of__initialization 0038             ___rparam_used 0001            __pcstackCOMRAM 0000  
      i2___lldiv@dividend 000C               ?_Initialize 0000       __end_of_Timer0_Init 0014  
               ?i2___lmul 0000            m2_update_rpm@j 000A     I2C_Slave_Init@address 0000  
      i2___lldiv@quotient 0014                __pbssBANK0 0000                   ?___lmul 0000  
             _m1_outDate3 000E                _con_m1_RPM 0000               _m1_set_duty 0000  
              _con_m2_RPM 0000                   _I2C_ISR 0000               _m1_time_out 0008  
          ___lmul@product 0008               _m2_outDate3 0008               _m2_set_duty 0000  
              _clock_init 0000                ??i2___lmul 0008               _m2_time_out 0006  
                 _OSCCON1 0ED3                   _PWM3DCH 0FA3                   _PWM3DCL 0FA2  
                 _PWM4DCH 0FA0                   _PWM4DCL 0F9F                   i2u80_40 0026  
                 i2u80_41 0022                   i2u81_40 0048                   i2u81_41 0044  
                 _PWM3CON 0FA4                   i2u82_40 0070                   i2u82_41 006C  
                 _PWM4CON 0FA1                   i2u83_40 001A                   i2u83_41 0016  
                 i2u84_40 0038                   i2u84_41 0034                   i2u85_40 0054  
                 i2u85_41 0050                   i2u78_40 001E                   i2u78_41 001A  
                 i2u94_45 000E                   i2u79_40 0058                   i2u95_40 007A  
                 i2u79_41 0054                   i2u95_41 0076                   _SSP1ADD 0F92  
                 i2u96_45 00A6                   i2u97_40 0010                   i2u97_41 000C  
                 i2u98_40 0046                   i2u98_41 0042                   i2u99_40 007A  
                 i2u99_41 0076                   _SSP1BUF 0F91                   _SSP1MSK 0F93  
                 _RPM_int 0000*       con_m2_RPM@new_duty 0022  __end_of_perudic_func_ISR 001E  
                 _m1_T_OF 001A                   _m2_T_OF 0019                   _m1_duty 000A  
                 __Hparam 0000                   _m2_duty 0009               _Timer0_Init 0000  
                 __Lparam 0000        i2con_m1_RPM@de_rpm 0021             _m1_update_rpm 0000  
                 ___awdiv 0000                   ___lldiv 0000                   ___lwdiv 0000  
                 __pcinit 0000        i2con_m1_RPM@rpm_er 001F                   __ramtop 0000* 
                 __ptext0 0000                   __ptext1 0000                   __ptext2 0000  
                 __ptext3 0000                   __ptext4 0000                   __ptext5 0000  
                 __ptext6 0000                   __ptext7 0000                   __ptext8 0000  
                 __ptext9 0000                 _T1CLKbits 0FD1                 _T1CONbits 0FCE  
               _T3CLKbits 0FCB                 _T2CONbits 0FBC                 _T3CONbits 0FC8  
               _T4CONbits 0FB6                   _pwm_int 0000*            _m2_update_rpm 0000  
    end_of_initialization 0038        m1_set_duty@duty_rw 0019                _send_esp32 000A  
           _receved_esp32 0000           ___lldiv@divisor 0010           ___lldiv@counter 0018  
          ?_m1_update_rpm 0000            _I2C_Slave_Init 0000                   postdec1 0FE5  
                 postinc0 0FEE       i2___lmul@multiplier 0000               ?_con_m1_RPM 0000  
             ?_con_m2_RPM 0000     __end_ofi2_m1_set_duty 00BA               ?_clock_init 0000  
               _TRISBbits 0F88                 _TRISCbits 0F89            ?_m2_update_rpm 0000  
               i2___awdiv 0000         i2___lwdiv@divisor 0002                 i2___lldiv 0000  
               i2___lwdiv 0000              ??_m1_RPM_ISR 0019         i2___lwdiv@counter 0006  
            ??_m2_RPM_ISR 0019        i2___awdiv@dividend 0000    __end_of_I2C_Slave_Init 003A  
          __end_of___lmul 006C              ??_Initialize 0000             __pidataCOMRAM 0000  
      __end_of_m1_RPM_ISR 00EA        __end_of_m2_RPM_ISR 00EC       start_initialization 0000  
     m2_update_rpm@j_1384 000B        i2___awdiv@quotient 0006               __end_of_ISR 0026  
              ?i2___awdiv 0000                ?i2___lldiv 000C                ?i2___lwdiv 0000  
       ??i2_m1_update_rpm 0007        __end_of_Initialize 0036           ??_m1_update_rpm 0007  
         ?_I2C_Slave_Init 0000                  ??___lmul 0008               _CCPTMRSbits 0FAD  
            ?_m1_set_duty 0019                  ?_I2C_ISR 0000        m2_set_duty@duty_rw 0019  
            ?_m2_set_duty 0019           ??_m2_update_rpm 0007               __pbssCOMRAM 0000  
           __pcstackBANK0 0000                  ?_RPM_int 0000      i2con_m1_RPM@new_duty 0022  
        m1_update_rpm@sum 0008         ?_perudic_func_ISR 0000              ?_Timer0_Init 0000  
        ___lwdiv@dividend 0000        ??_perudic_func_ISR 0024                 __pintcode 0000  
                ?___awdiv 0000                  ?___lldiv 000C                  ?___lwdiv 0000  
           ?i2_con_m1_RPM 0000                 _i_receved 000A                  ?_pwm_int 0000  
        ___lwdiv@quotient 0005               ??i2___awdiv 0004               ??i2___lldiv 0014  
                _T2CLKCON 0FBE               ??i2___lwdiv 0004                  _T4CLKCON 0FB8  
                _LATBbits 0F83                  _PIE0bits 0EBD                  _PIE3bits 0EC0  
                _PIE4bits 0EC1                  i2u100_40 009E                  i2u100_41 009A  
                i2u101_40 0012                  i2u101_41 000E                  i2u102_40 002C  
                i2u102_41 0028                  i2u103_40 0052                  i2u103_41 004E  
                i2u104_40 0070                  i2u104_41 006C                  i2u105_40 008C  
                i2u105_41 0088                  i2u106_40 00B2                  i2u106_41 00AE  
                i2u140_40 0052                  i2u140_41 004E                  i2u141_40 0060  
                i2u141_41 005C                  i2u142_40 0084                  i2u150_40 00E4  
                i2u142_41 0080                  i2u150_41 00E0                  i2u143_40 00A6  
                i2u151_40 0010                  i2u127_40 0016                  i2u143_41 00A2  
                i2u151_41 000C                  i2u127_41 0012                  i2u144_40 00B6  
                i2u152_40 0024                  i2u128_40 0068                  i2u136_40 0010  
                i2u144_41 00B2                  i2u152_41 0020                  i2u128_41 0064  
                i2u136_41 000C                  i2u145_40 00C6                  i2u137_40 0010  
                i2u153_40 00B2                  i2u129_40 008C                  i2u145_41 00C2  
                i2u137_41 000C                  i2u153_41 00AE                  i2u129_41 0088  
                i2u146_40 00D6                  i2u138_40 0020                  i2u154_40 00E6  
                i2u146_41 00D2                  i2u138_41 001C                  i2u154_41 00E2  
                i2u139_40 0030                  i2u147_40 0010                  i2u139_41 002C  
                i2u147_41 000C                  i2u148_40 0024                  i2u148_41 0020  
                i2u149_40 00B2                  i2u149_41 00AE                  _PIR0bits 0EC5  
                _PIR3bits 0EC8                  _PIR4bits 0EC9                  _PIR5bits 0ECA  
                _SSP1CON1 0F95                  _SSP1CON2 0F96                  _SSP1CON3 0F97  
          ??i2_con_m1_RPM 001F              ??_con_m1_RPM 001F              ??_con_m2_RPM 001F  
                _SSP1STAT 0F94              ??_clock_init 0000                  i2___lmul 0000  
       i2___awdiv@divisor 0002         i2___awdiv@counter 0004         ___lmul@multiplier 0000  
               copy_data0 0014        __end_of_con_m1_RPM 00AA        __end_of_con_m2_RPM 00AC  
                _m1_speed 0015        __end_of_clock_init 0014                  _m2_speed 0011  
                __Hrparam 0000*                 __Lrparam 0000*          i2_m1_update_rpm 0000  
         ___lwdiv@divisor 0002           ___lwdiv@counter 0004                  __ptext10 0000  
                __ptext11 0000                  __ptext20 0000                  __ptext12 0000  
                __ptext21 0000                  __ptext13 0000                _T1GCONbits 0FCF  
                __ptext22 0000                  __ptext14 0000                  __ptext23 0000  
                __ptext24 0000                  __ptext16 0000                  __ptext25 0000  
                __ptext17 0000                  __ptext26 0000                  __ptext18 0000  
                __ptext19 0000              _SSP1CON1bits 0F95                _T3GCONbits 0FC9  
        ??_I2C_Slave_Init 0000      i2m1_set_duty@duty_rw 0019                  isa$xinst 0000  
                int$flags 0000              _SSP1STATbits 0F94     i2___lmul@multiplicand 0004  
    __end_ofi2_con_m1_RPM 00A8                  intlevel2 0000*         ___lldiv@dividend 000C  
   __end_of_m1_update_rpm 00B2                _OSCFRQbits 0ED9   __end_ofi2_m1_update_rpm 00B0  
           i2_m1_set_duty 0000                _SSP1DATPPS 0EB3                _SSP1CLKPPS 0EB2  
        ___lldiv@quotient 0014     __end_of_m2_update_rpm 00B2          i2m1_update_rpm@j 000A  
